game_id,team_tricode,home_road_flag,date,season,goals,assists,common_name,opponent_common_name,games_started,decision,shots_against,goals_against,save_pctg,shutouts,opponent_abbrev,pim,toi
2021021045,ANA,R,2022-03-26,20212022,0,0,,,1,L,24,4,0.833333,0,SJS,0,59:26
2021020673,ANA,R,2022-01-15,20212022,0,0,,,1,L,35,2,0.942857,0,CHI,0,59:06
2021020662,ANA,R,2022-01-14,20212022,0,0,,,0,,13,1,0.923077,0,MIN,0,17:55
2021020609,ANA,H,2022-01-09,20212022,0,0,,,1,W,36,3,0.916667,0,DET,0,65:00
2022021294,ANA,H,2023-04-11,20222023,0,0,,,1,L,36,3,0.916667,0,VAN,0,58:45
2022021274,ANA,H,2023-04-09,20222023,0,0,,,1,O,46,5,0.891304,0,COL,0,64:15
2022021242,ANA,H,2023-04-05,20222023,0,0,,,1,L,32,2,0.9375,0,EDM,0,59:47
2022021224,ANA,R,2023-04-02,20222023,0,0,,,1,L,41,5,0.878049,0,CGY,0,58:46
2022021213,ANA,R,2023-04-01,20222023,0,0,,,0,,9,1,0.888889,0,EDM,0,13:26
2022021198,ANA,R,2023-03-30,20222023,0,0,,,1,L,38,3,0.921053,0,SEA,0,59:55
2022021146,ANA,H,2023-03-23,20222023,0,0,,,1,L,33,3,0.909091,0,WPG,0,57:31
2022021094,ANA,H,2023-03-17,20222023,0,0,,,1,W,42,4,0.904762,0,CBJ,0,59:49
2022021024,ANA,R,2023-03-08,20222023,0,0,,,1,O,34,3,0.911765,0,VAN,0,60:20
2022020957,ANA,H,2023-02-27,20222023,0,0,,,1,W,26,2,0.923077,0,CHI,0,59:50
2022020908,ANA,R,2023-02-21,20222023,0,0,,,1,L,44,6,0.863636,0,TBL,0,59:43
2022020868,ANA,H,2023-02-15,20222023,0,0,,,1,L,44,7,0.840909,0,BUF,0,60:00
2022020544,ANA,H,2022-12-23,20222023,0,0,,,1,O,45,3,0.933333,0,CGY,0,62:24
2022020524,ANA,H,2022-12-21,20222023,0,0,,,1,L,41,3,0.926829,0,MIN,0,59:31
2022020516,ANA,R,2022-12-20,20222023,0,0,,,1,L,41,4,0.902439,0,LAK,0,59:29
2022020486,ANA,R,2022-12-17,20222023,0,0,,,1,W,49,3,0.938776,0,EDM,0,60:00
2022020469,ANA,R,2022-12-15,20222023,0,0,,,1,W,25,2,0.92,0,MTL,0,60:00
2022020454,ANA,R,2022-12-13,20222023,0,0,,,0,,15,5,0.666667,0,TOR,0,29:12
2022020451,ANA,R,2022-12-12,20222023,0,0,,,1,L,38,3,0.921053,0,OTT,0,60:00
2023021311,ANA,R,2024-04-18,20232024,0,0,,,1,W,33,1,0.969697,0,VGK,0,60:00
2023021281,ANA,R,2024-04-13,20232024,0,0,,,1,L,28,3,0.892857,0,LAK,0,57:53
2023021249,ANA,H,2024-04-09,20232024,0,0,,,1,W,37,1,0.972973,0,LAK,2,60:00
2023021235,ANA,H,2024-04-07,20232024,0,0,,,1,O,31,5,0.83871,0,STL,0,64:58
2023021215,ANA,H,2024-04-05,20232024,0,0,,,1,L,27,3,0.888889,0,SEA,0,58:55
2023021195,ANA,R,2024-04-02,20232024,0,0,,,1,W,24,3,0.875,0,CGY,0,60:00
2023021180,ANA,R,2024-03-31,20232024,0,0,,,1,L,30,3,0.9,0,VAN,0,57:24
2023021162,ANA,R,2024-03-28,20232024,0,0,,,1,L,28,4,0.857143,0,SEA,0,58:41
2023021131,ANA,H,2024-03-24,20232024,0,0,,,1,O,27,3,0.888889,0,TBL,0,60:44
2023021105,ANA,H,2024-03-21,20232024,0,0,,,1,W,29,0,1.0,1,CHI,0,59:46
2023021079,ANA,R,2024-03-17,20232024,0,0,,,1,L,27,4,0.851852,0,STL,0,58:08
2023021054,ANA,R,2024-03-14,20232024,0,0,,,1,L,31,2,0.935484,0,MIN,0,57:29
2023021038,ANA,R,2024-03-12,20232024,0,0,,,0,,5,1,0.8,0,CHI,0,10:42
2023021026,ANA,H,2024-03-10,20232024,0,0,,,1,L,19,6,0.684211,0,NYI,2,58:49
2023020992,ANA,H,2024-03-06,20232024,0,0,,,1,W,30,1,0.966667,0,OTT,0,59:41
2023020973,ANA,H,2024-03-03,20232024,0,0,,,1,L,31,2,0.935484,0,VAN,0,58:57
2023020955,ANA,H,2024-03-01,20232024,0,0,,,1,W,55,3,0.945455,0,NJD,0,60:00
2023020922,ANA,H,2024-02-25,20232024,0,0,,,1,L,28,3,0.892857,0,NSH,0,57:23
2023020858,ANA,R,2024-02-17,20232024,0,0,,,1,L,18,4,0.777778,0,TOR,0,20:00
2023020841,ANA,R,2024-02-15,20232024,0,0,,,0,,19,1,0.947368,0,OTT,0,20:00
2023020825,ANA,R,2024-02-13,20232024,0,0,,,1,L,38,5,0.868421,0,MTL,0,60:00
2023020803,ANA,H,2024-02-09,20232024,0,0,,,0,L,10,2,0.8,0,EDM,0,19:15
2023020770,ANA,R,2024-01-27,20232024,0,0,,,1,W,37,2,0.945946,0,MIN,0,60:00
2023020722,ANA,H,2024-01-21,20232024,0,0,,,1,L,32,4,0.875,0,NYR,0,58:34
2023020661,ANA,R,2024-01-13,20232024,0,0,,,1,L,41,5,0.878049,0,TBL,0,60:00
2023020639,ANA,R,2024-01-11,20232024,0,0,,,0,,9,1,0.888889,0,CAR,0,20:00
2023020629,ANA,R,2024-01-09,20232024,0,0,,,1,W,42,3,0.928571,0,NSH,0,59:33
2023020620,ANA,H,2024-01-07,20232024,0,0,,,1,L,28,3,0.892857,0,DET,0,59:06
2023020588,ANA,H,2024-01-03,20232024,0,0,,,1,O,57,2,0.964912,0,TOR,0,62:12
2023020523,ANA,H,2023-12-23,20232024,0,0,,,1,L,22,3,0.863636,0,SEA,0,59:39
2023020508,ANA,H,2023-12-21,20232024,0,0,,,1,L,43,2,0.953488,0,CGY,0,59:18
2023020479,ANA,R,2023-12-18,20232024,0,0,,,1,W,32,3,0.90625,0,DET,2,60:00
2023020476,ANA,R,2023-12-17,20232024,0,0,,,0,,10,0,1.0,0,NJD,0,20:00
2023020456,ANA,R,2023-12-15,20232024,0,0,,,1,L,39,5,0.871795,0,NYR,0,59:27
2023020399,ANA,R,2023-12-07,20232024,0,0,,,1,L,25,1,0.96,0,CHI,0,58:23
2023020320,ANA,R,2023-11-26,20232024,0,0,,,1,L,16,6,0.625,0,EDM,0,27:20
2023020240,ANA,R,2023-11-15,20232024,0,0,,,1,L,38,8,0.789474,0,COL,0,60:00
2023020208,ANA,H,2023-11-10,20232024,0,0,,,1,L,35,5,0.857143,0,PHI,2,57:30
2023020144,ANA,H,2023-11-01,20232024,0,0,,,1,W,35,3,0.914286,0,ARI,0,63:27
2023020132,ANA,R,2023-10-30,20232024,0,0,,,0,W,35,2,0.942857,0,PIT,0,40:00
2023020117,ANA,R,2023-10-28,20232024,0,0,,,1,W,30,4,0.866667,0,PHI,0,59:44
2023020084,ANA,R,2023-10-24,20232024,0,0,,,1,W,37,2,0.945946,0,CBJ,0,62:20
2023020066,ANA,R,2023-10-21,20232024,0,0,,,1,L,27,2,0.925926,0,ARI,0,57:52
2023020034,ANA,H,2023-10-15,20232024,0,0,,,1,W,35,3,0.914286,0,CAR,0,59:39
2024021298,ANA,R,2025-04-15,20242025,0,0,,,1,O,40,3,0.925,0,MIN,0,64:42
2024021284,ANA,H,2025-04-13,20242025,0,0,,,1,L,24,3,0.875,0,COL,0,59:38
2024021259,ANA,R,2025-04-10,20242025,0,0,,,1,L,29,6,0.793103,0,LAK,0,59:14
2024021232,ANA,H,2025-04-07,20242025,0,0,,,1,W,47,2,0.957447,0,EDM,0,60:00
2024021212,ANA,R,2025-04-05,20242025,0,0,,,1,L,26,6,0.769231,0,VAN,0,60:00
2024021203,ANA,R,2025-04-03,20242025,0,0,,,0,,8,1,0.875,0,CGY,0,20:00
2024021190,ANA,H,2025-04-01,20242025,0,0,,,1,W,31,3,0.903226,0,SJS,0,65:00
2024021176,ANA,H,2025-03-30,20242025,0,0,,,1,L,23,3,0.869565,0,TOR,0,57:42
2024021158,ANA,H,2025-03-28,20242025,0,0,,,1,W,30,4,0.866667,0,NYR,0,60:59
2024021123,ANA,H,2025-03-23,20242025,0,0,,,1,L,36,4,0.888889,0,CAR,0,59:40
2024021083,ANA,R,2025-03-18,20242025,0,0,,,1,O,31,4,0.870968,0,DAL,0,61:50
2024021068,ANA,R,2025-03-16,20242025,0,0,,,1,L,14,5,0.642857,0,STL,0,40:00
2024021053,ANA,H,2025-03-14,20242025,0,0,,,1,W,29,1,0.965517,0,NSH,0,60:00
2024021033,ANA,H,2025-03-11,20242025,0,0,,,1,L,42,6,0.857143,0,WSH,0,58:37
2024021020,ANA,H,2025-03-09,20242025,0,0,,,1,W,32,1,0.96875,0,NYI,0,59:42
2024021002,ANA,H,2025-03-07,20242025,0,0,,,1,L,21,3,0.857143,0,STL,0,58:36
2024020986,ANA,R,2025-03-05,20242025,0,0,,,0,L,15,1,0.933333,0,VAN,0,24:05
2024020981,ANA,R,2025-03-04,20242025,0,0,,,1,W,35,2,0.942857,0,EDM,0,59:55
2024020944,ANA,H,2025-02-27,20242025,0,0,,,1,W,24,2,0.916667,0,VAN,0,60:00
2024020919,ANA,R,2025-02-25,20242025,0,0,,,1,L,37,3,0.918919,0,BUF,0,57:49
2024020908,ANA,R,2025-02-23,20242025,0,0,,,1,O,36,5,0.861111,0,DET,0,61:05
2024020899,ANA,R,2025-02-22,20242025,0,0,,,0,W,10,1,0.9,0,BOS,0,23:39
2024020888,ANA,R,2025-02-08,20242025,0,0,,,1,W,45,1,0.977778,0,LAK,0,64:56
2024020837,ANA,H,2025-02-02,20242025,0,0,,,1,W,23,2,0.913043,0,MTL,0,60:00
2024020806,ANA,R,2025-01-28,20242025,0,0,,,1,W,30,4,0.866667,0,SEA,0,60:00
2024020787,ANA,H,2025-01-25,20242025,0,0,,,0,W,33,1,0.969697,0,NSH,0,40:00
2024020756,ANA,H,2025-01-21,20242025,0,0,,,1,L,29,5,0.827586,0,FLA,0,59:51
2024020709,ANA,R,2025-01-16,20242025,0,0,,,1,O,35,3,0.914286,0,TBL,0,64:33
2024020687,ANA,R,2025-01-12,20242025,0,0,,,1,W,37,2,0.945946,0,CAR,0,61:52
2024020661,ANA,R,2025-01-09,20242025,0,0,,,1,L,22,6,0.727273,0,STL,0,28:02
2024020618,ANA,R,2025-01-03,20242025,0,0,,,1,L,26,3,0.884615,0,EDM,0,58:21
2024020598,ANA,H,2024-12-31,20242025,0,0,,,1,W,34,2,0.941176,0,NJD,0,60:00
2024020578,ANA,H,2024-12-29,20242025,0,0,,,1,W,23,3,0.869565,0,EDM,0,58:45
2024020568,ANA,H,2024-12-28,20242025,0,0,,,1,L,24,2,0.916667,0,PHI,0,57:52
2024020557,ANA,R,2024-12-23,20242025,0,0,,,0,L,22,3,0.863636,0,VGK,0,39:57
2024020542,ANA,R,2024-12-22,20242025,0,0,,,1,W,25,4,0.84,0,UTA,0,65:00
2024020511,ANA,H,2024-12-18,20242025,0,0,,,1,W,23,2,0.913043,0,WPG,0,60:00
2024020459,ANA,R,2024-12-12,20242025,0,0,,,1,L,33,3,0.909091,0,TOR,0,59:01
2024020445,ANA,R,2024-12-09,20242025,0,0,,,1,O,21,2,0.904762,0,MTL,0,65:00
2024020392,ANA,H,2024-12-01,20242025,0,0,,,1,W,31,3,0.903226,0,OTT,0,64:41
2024020343,ANA,H,2024-11-25,20242025,0,0,,,1,L,28,3,0.892857,0,SEA,0,57:26
2024020291,ANA,R,2024-11-18,20242025,0,0,,,1,W,36,2,0.944444,0,DAL,0,60:00
2024020256,ANA,H,2024-11-13,20242025,0,0,,,1,L,39,3,0.923077,0,VGK,0,59:46
2024020222,ANA,H,2024-11-08,20242025,0,0,,,1,L,31,5,0.83871,0,MIN,0,59:51
2024020203,ANA,H,2024-11-05,20242025,0,0,,,1,L,37,5,0.864865,0,VAN,0,60:00
2024020191,ANA,H,2024-11-03,20242025,0,0,,,1,L,29,4,0.862069,0,CHI,0,58:32
2024020163,ANA,R,2024-10-31,20242025,0,0,,,1,O,45,2,0.955556,0,PIT,0,62:35
2024020152,ANA,R,2024-10-29,20242025,0,0,,,1,W,41,1,0.97561,0,NYI,0,60:00
2024020128,ANA,R,2024-10-26,20242025,0,0,,,1,L,32,2,0.9375,0,NYR,0,57:57
2024020105,ANA,H,2024-10-22,20242025,0,0,,,1,W,28,1,0.964286,0,SJS,0,60:00
2024020090,ANA,H,2024-10-20,20242025,0,0,,,1,L,34,2,0.941176,0,LAK,0,59:23
2024020074,ANA,R,2024-10-18,20242025,0,0,,,1,O,49,4,0.918367,0,COL,0,61:25
2024020060,ANA,H,2024-10-16,20242025,0,0,,,1,W,30,4,0.866667,0,UTA,0,60:50
2024020037,ANA,R,2024-10-12,20242025,0,0,,,1,W,30,0,1.0,1,SJS,0,59:50
2025020573,ANA,H,2025-12-22,20252026,0,0,,,1,L,20,2,0.9,0,SEA,0,58:44
2025020560,ANA,H,2025-12-20,20252026,0,0,,,1,W,26,3,0.884615,0,CBJ,0,60:00
2025020548,ANA,H,2025-12-19,20252026,0,0,,,1,L,7,4,0.428571,0,DAL,0,14:19
2025020515,ANA,R,2025-12-15,20252026,0,0,,,1,W,27,1,0.962963,0,NYR,0,59:48
2025020495,ANA,R,2025-12-13,20252026,0,0,,,1,L,21,3,0.857143,0,NJD,0,57:50
2025020346,ANA,H,2025-11-22,20252026,0,0,,,1,W,32,3,0.90625,0,VGK,0,63:57
2025020318,ANA,H,2025-11-19,20252026,0,0,,,1,W,39,3,0.923077,0,BOS,0,59:57
2025020306,ANA,H,2025-11-17,20252026,0,0,,,1,W,18,2,0.888889,0,UTA,0,60:02
2025020272,ANA,R,2025-11-13,20252026,0,0,,,1,L,32,5,0.84375,0,DET,0,59:21
2025020262,ANA,R,2025-11-11,20252026,0,0,,,1,L,35,3,0.914286,0,COL,0,58:46
2025020251,ANA,H,2025-11-09,20252026,0,0,,,1,W,24,1,0.958333,0,WPG,0,60:00
2025020224,ANA,R,2025-11-06,20252026,0,0,,,1,W,26,5,0.807692,0,DAL,0,59:49
2025020211,ANA,H,2025-11-04,20252026,0,0,,,1,W,21,3,0.857143,0,FLA,0,59:45
2025020197,ANA,H,2025-11-02,20252026,0,0,,,1,W,33,1,0.969697,0,NJD,0,60:00
2025020180,ANA,H,2025-10-31,20252026,0,0,,,1,W,30,2,0.933333,0,DET,0,59:50
2025020153,ANA,R,2025-10-28,20252026,0,0,,,1,W,33,2,0.939394,0,FLA,0,64:21
2025020129,ANA,R,2025-10-25,20252026,0,0,,,1,L,33,4,0.878788,0,TBL,0,60:00
2025020105,ANA,R,2025-10-21,20252026,0,0,,,1,W,28,2,0.928571,0,NSH,0,59:29
2025020091,ANA,R,2025-10-19,20252026,0,0,,,1,O,30,2,0.933333,0,CHI,0,61:47
2025020070,ANA,H,2025-10-16,20252026,0,0,,,1,L,32,4,0.875,0,CAR,2,59:31
2025020056,ANA,H,2025-10-14,20252026,0,0,,,1,W,25,3,0.88,0,PIT,0,60:00
2025020021,ANA,R,2025-10-09,20252026,0,0,,,1,L,31,3,0.903226,0,SEA,0,57:01
2012020216,DET,R,2013-02-17,20122013,0,0,,,1,L,24,3,0.875,0,MIN,0,59:09
2012020149,DET,R,2013-02-07,20122013,0,0,,,1,W,27,1,0.962963,0,STL,0,60:00
2013021224,DET,R,2014-04-13,20132014,0,0,,,1,W,23,0,1.0,1,STL,0,60:00
2013020979,DET,R,2014-03-11,20132014,0,0,,,1,L,37,4,0.891892,0,CBJ,0,59:56
2013020742,DET,H,2014-01-20,20132014,0,0,,,0,,14,1,0.928571,0,STL,0,29:16
2013020691,DET,R,2014-01-12,20132014,0,0,,,1,L,23,1,0.956522,0,ANA,0,58:37
2013020668,DET,R,2014-01-09,20132014,0,0,,,0,,3,0,1.0,0,SJS,0,20:00
2013020558,DET,H,2013-12-23,20132014,0,0,,,1,L,19,3,0.842105,0,NYI,0,60:00
2013020514,DET,H,2013-12-17,20132014,0,0,,,0,,19,2,0.894737,0,ANA,0,41:43
2013020500,DET,H,2013-12-15,20132014,0,0,,,1,L,26,2,0.923077,0,TBL,0,59:06
2013020210,DET,R,2013-11-02,20132014,0,0,,,1,W,14,0,1.0,1,EDM,0,60:00
2014021224,DET,R,2015-04-11,20142015,0,0,,,1,W,35,0,1.0,1,CAR,0,60:00
2014021180,DET,H,2015-04-05,20142015,0,0,,,1,L,28,2,0.928571,0,WSH,0,57:44
2014021156,DET,H,2015-04-02,20142015,0,0,,,1,L,25,3,0.88,0,BOS,0,58:28
2014021146,DET,H,2015-03-31,20142015,0,0,,,1,O,34,1,0.970588,0,OTT,0,65:00
2014021130,DET,R,2015-03-29,20142015,0,0,,,1,,11,4,0.636364,0,NYI,0,19:59
2014021120,DET,H,2015-03-28,20142015,0,0,,,1,W,23,0,1.0,1,TBL,0,59:56
2014021108,DET,H,2015-03-26,20142015,0,0,,,0,L,19,2,0.894737,0,SJS,0,38:59
2014021056,DET,R,2015-03-19,20142015,0,0,,,1,L,32,3,0.90625,0,FLA,0,58:19
2014021034,DET,R,2015-03-15,20142015,0,0,,,1,W,43,1,0.976744,0,PIT,0,60:00
2014020806,DET,R,2015-02-11,20142015,0,0,,,1,L,17,4,0.764706,0,PIT,0,40:00
2014020781,DET,R,2015-02-07,20142015,0,0,,,1,W,23,1,0.956522,0,ARI,0,60:00
2014020765,DET,R,2015-02-05,20142015,0,0,,,1,W,28,0,1.0,1,COL,0,60:00
2014020728,DET,H,2015-01-31,20142015,0,0,,,1,W,23,1,0.956522,0,NYI,0,59:55
2014020716,DET,R,2015-01-29,20142015,0,0,,,1,L,15,5,0.666667,0,TBL,0,40:00
2014020703,DET,R,2015-01-27,20142015,0,0,,,1,W,41,4,0.902439,0,FLA,0,60:00
2014020687,DET,H,2015-01-20,20142015,0,0,,,1,W,38,4,0.894737,0,MIN,0,65:00
2014020675,DET,H,2015-01-18,20142015,0,0,,,1,,7,3,0.571429,0,BUF,0,13:37
2014020664,DET,H,2015-01-17,20142015,0,0,,,1,W,36,2,0.944444,0,NSH,0,59:54
2014020650,DET,R,2015-01-15,20142015,0,0,,,1,W,27,2,0.925926,0,STL,0,64:57
2014020631,DET,R,2015-01-13,20142015,0,0,,,1,W,26,1,0.961538,0,BUF,0,59:44
2014020617,DET,R,2015-01-10,20142015,0,0,,,0,L,14,2,0.857143,0,WSH,0,55:37
2014020596,DET,R,2015-01-07,20142015,0,0,,,1,W,30,2,0.933333,0,CGY,0,60:00
2014020508,DET,H,2014-12-23,20142015,0,0,,,1,W,16,3,0.8125,0,BUF,0,60:00
2014020491,DET,H,2014-12-21,20142015,0,0,,,1,O,23,1,0.956522,0,COL,0,65:00
2014020476,DET,H,2014-12-19,20142015,0,0,,,0,L,23,1,0.956522,0,NYI,0,38:52
2014020438,DET,R,2014-12-13,20142015,0,0,,,1,L,40,3,0.925,0,TOR,0,59:01
2014020403,DET,R,2014-12-07,20142015,0,0,,,1,W,35,1,0.971429,0,CAR,0,60:00
2014020338,DET,R,2014-11-28,20142015,0,0,,,1,W,25,4,0.84,0,NJD,0,65:00
2014020284,DET,R,2014-11-20,20142015,0,0,,,1,W,31,3,0.903226,0,WPG,0,60:00
2014030127,DET,R,2015-04-29,20142015,0,0,,,1,L,16,1,0.9375,0,TBL,0,58:29
2014030126,DET,H,2015-04-27,20142015,0,0,,,1,L,27,4,0.851852,0,TBL,0,57:46
2014030125,DET,R,2015-04-25,20142015,0,0,,,1,W,28,0,1.0,1,TBL,0,60:00
2014030124,DET,H,2015-04-23,20142015,0,0,,,1,L,29,3,0.896552,0,TBL,0,61:59
2014030123,DET,H,2015-04-21,20142015,0,0,,,1,W,22,0,1.0,1,TBL,0,60:00
2014030122,DET,R,2015-04-18,20142015,0,0,,,1,L,18,4,0.777778,0,TBL,0,40:00
2014030121,DET,R,2015-04-16,20142015,0,0,,,1,W,46,2,0.956522,0,TBL,0,60:00
2014021224,DET,R,2015-04-11,20142015,0,0,,,1,W,35,0,1.0,1,CAR,0,60:00
2014021180,DET,H,2015-04-05,20142015,0,0,,,1,L,28,2,0.928571,0,WSH,0,57:44
2014021156,DET,H,2015-04-02,20142015,0,0,,,1,L,25,3,0.88,0,BOS,0,58:28
2014021146,DET,H,2015-03-31,20142015,0,0,,,1,O,34,1,0.970588,0,OTT,0,65:00
2014021130,DET,R,2015-03-29,20142015,0,0,,,1,,11,4,0.636364,0,NYI,0,19:59
2014021120,DET,H,2015-03-28,20142015,0,0,,,1,W,23,0,1.0,1,TBL,0,59:56
2014021108,DET,H,2015-03-26,20142015,0,0,,,0,L,19,2,0.894737,0,SJS,0,38:59
2014021056,DET,R,2015-03-19,20142015,0,0,,,1,L,32,3,0.90625,0,FLA,0,58:19
2014021034,DET,R,2015-03-15,20142015,0,0,,,1,W,43,1,0.976744,0,PIT,0,60:00
2014020806,DET,R,2015-02-11,20142015,0,0,,,1,L,17,4,0.764706,0,PIT,0,40:00
2014020781,DET,R,2015-02-07,20142015,0,0,,,1,W,23,1,0.956522,0,ARI,0,60:00
2014020765,DET,R,2015-02-05,20142015,0,0,,,1,W,28,0,1.0,1,COL,0,60:00
2014020728,DET,H,2015-01-31,20142015,0,0,,,1,W,23,1,0.956522,0,NYI,0,59:55
2014020716,DET,R,2015-01-29,20142015,0,0,,,1,L,15,5,0.666667,0,TBL,0,40:00
2014020703,DET,R,2015-01-27,20142015,0,0,,,1,W,41,4,0.902439,0,FLA,0,60:00
2014020687,DET,H,2015-01-20,20142015,0,0,,,1,W,38,4,0.894737,0,MIN,0,65:00
2014020675,DET,H,2015-01-18,20142015,0,0,,,1,,7,3,0.571429,0,BUF,0,13:37
2014020664,DET,H,2015-01-17,20142015,0,0,,,1,W,36,2,0.944444,0,NSH,0,59:54
2014020650,DET,R,2015-01-15,20142015,0,0,,,1,W,27,2,0.925926,0,STL,0,64:57
2014020631,DET,R,2015-01-13,20142015,0,0,,,1,W,26,1,0.961538,0,BUF,0,59:44
2014020617,DET,R,2015-01-10,20142015,0,0,,,0,L,14,2,0.857143,0,WSH,0,55:37
2014020596,DET,R,2015-01-07,20142015,0,0,,,1,W,30,2,0.933333,0,CGY,0,60:00
2014020508,DET,H,2014-12-23,20142015,0,0,,,1,W,16,3,0.8125,0,BUF,0,60:00
2014020491,DET,H,2014-12-21,20142015,0,0,,,1,O,23,1,0.956522,0,COL,0,65:00
2014020476,DET,H,2014-12-19,20142015,0,0,,,0,L,23,1,0.956522,0,NYI,0,38:52
2014020438,DET,R,2014-12-13,20142015,0,0,,,1,L,40,3,0.925,0,TOR,0,59:01
2014020403,DET,R,2014-12-07,20142015,0,0,,,1,W,35,1,0.971429,0,CAR,0,60:00
2014020338,DET,R,2014-11-28,20142015,0,0,,,1,W,25,4,0.84,0,NJD,0,65:00
2014020284,DET,R,2014-11-20,20142015,0,0,,,1,W,31,3,0.903226,0,WPG,0,60:00
2014030127,DET,R,2015-04-29,20142015,0,0,,,1,L,16,1,0.9375,0,TBL,0,58:29
2014030126,DET,H,2015-04-27,20142015,0,0,,,1,L,27,4,0.851852,0,TBL,0,57:46
2014030125,DET,R,2015-04-25,20142015,0,0,,,1,W,28,0,1.0,1,TBL,0,60:00
2014030124,DET,H,2015-04-23,20142015,0,0,,,1,L,29,3,0.896552,0,TBL,0,61:59
2014030123,DET,H,2015-04-21,20142015,0,0,,,1,W,22,0,1.0,1,TBL,0,60:00
2014030122,DET,R,2015-04-18,20142015,0,0,,,1,L,18,4,0.777778,0,TBL,0,40:00
2014030121,DET,R,2015-04-16,20142015,0,0,,,1,W,46,2,0.956522,0,TBL,0,60:00
2015021202,DET,R,2016-04-07,20152016,0,0,,,0,,8,0,1.0,0,BOS,0,19:15
2015021143,DET,R,2016-03-29,20152016,0,0,,,1,,7,2,0.714286,0,MTL,0,11:25
2015021115,DET,H,2016-03-26,20152016,0,0,,,1,L,27,4,0.851852,0,PIT,0,35:11
2015021105,DET,H,2016-03-24,20152016,0,0,,,1,W,29,3,0.896552,0,MTL,0,59:29
2015021093,DET,R,2016-03-22,20152016,0,0,,,0,,18,3,0.833333,0,TBL,0,39:27
2015021039,DET,R,2016-03-15,20152016,0,0,,,1,L,46,4,0.913043,0,PHI,0,59:14
2015021032,DET,H,2016-03-13,20152016,0,0,,,1,L,27,1,0.962963,0,TOR,0,58:38
2015021019,DET,H,2016-03-12,20152016,0,0,,,1,W,25,2,0.92,0,NYR,0,61:28
2015021009,DET,H,2016-03-10,20152016,0,0,,,1,W,25,2,0.92,0,WPG,0,60:00
2015020983,DET,R,2016-03-06,20152016,0,0,,,1,L,5,2,0.6,0,CHI,0,6:19
2015020952,DET,H,2016-03-02,20152016,0,0,,,1,L,33,5,0.848485,0,CHI,0,60:00
2015020927,DET,R,2016-02-27,20152016,0,1,,,1,W,27,3,0.888889,0,COL,0,59:54
2015020896,DET,H,2016-02-23,20152016,0,0,,,1,W,29,1,0.965517,0,CBJ,0,65:00
2015020876,DET,R,2016-02-20,20152016,0,0,,,1,O,27,2,0.925926,0,OTT,0,64:54
2015020859,DET,R,2016-02-18,20152016,0,0,,,1,L,32,5,0.84375,0,PIT,0,46:26
2015020837,DET,H,2016-02-14,20152016,0,0,,,1,W,22,5,0.772727,0,BOS,2,60:00
2015020821,DET,H,2016-02-12,20152016,0,0,,,1,O,21,2,0.904762,0,COL,0,65:00
2015020806,DET,H,2016-02-10,20152016,0,0,,,1,W,23,1,0.956522,0,OTT,0,59:59
2015020793,DET,H,2016-02-08,20152016,0,0,,,1,W,23,0,1.0,1,FLA,0,60:00
2015020778,DET,H,2016-02-06,20152016,0,0,,,1,W,29,1,0.965517,0,NYI,0,60:00
2015020757,DET,R,2016-02-03,20152016,0,0,,,1,L,23,3,0.869565,0,TBL,0,56:49
2015020725,DET,R,2016-01-25,20152016,0,0,,,1,W,29,2,0.931034,0,NYI,0,60:00
2015020703,DET,R,2016-01-22,20152016,0,0,,,1,W,19,0,1.0,1,BUF,0,60:00
2015020690,DET,H,2016-01-20,20152016,0,0,,,1,L,20,2,0.9,0,STL,0,57:58
2015020675,DET,H,2016-01-17,20152016,0,0,,,1,O,31,1,0.967742,0,PHI,0,64:57
2015020652,DET,R,2016-01-14,20152016,0,0,,,1,W,29,2,0.931034,0,ARI,0,62:08
2015020628,DET,R,2016-01-10,20152016,0,0,,,1,W,31,1,0.967742,0,ANA,0,60:00
2015020607,DET,R,2016-01-07,20152016,0,0,,,1,W,36,1,0.972222,0,SJS,0,60:00
2015020583,DET,R,2016-01-04,20152016,0,0,,,1,W,22,0,1.0,1,NJD,0,59:46
2015020567,DET,R,2016-01-02,20152016,0,0,,,1,W,35,3,0.914286,0,BUF,0,59:46
2015020557,DET,H,2015-12-31,20152016,0,0,,,1,L,36,4,0.888889,0,PIT,0,57:23
2015020547,DET,R,2015-12-29,20152016,0,0,,,0,,11,0,1.0,0,WPG,0,28:17
2015020538,DET,R,2015-12-28,20152016,0,0,,,1,L,34,2,0.941176,0,MIN,0,58:06
2015020522,DET,R,2015-12-26,20152016,0,0,,,1,W,26,2,0.923077,0,NSH,0,59:45
2015020509,DET,H,2015-12-22,20152016,0,0,,,0,L,11,1,0.909091,0,NJD,0,43:57
2015020496,DET,H,2015-12-20,20152016,0,0,,,1,W,28,2,0.928571,0,CGY,0,60:00
2015020452,DET,H,2015-12-14,20152016,0,0,,,1,L,30,2,0.933333,0,BUF,0,57:55
2015020421,DET,H,2015-12-10,20152016,0,0,,,1,W,25,2,0.92,0,MTL,0,60:00
2015020391,DET,H,2015-12-05,20152016,0,0,,,1,W,32,4,0.875,0,NSH,0,61:38
2015020362,DET,H,2015-12-01,20152016,0,0,,,1,W,32,4,0.875,0,BUF,0,65:00
2015020354,DET,H,2015-11-29,20152016,0,0,,,1,O,32,2,0.9375,0,FLA,0,61:20
2015020325,DET,H,2015-11-25,20152016,0,0,,,1,O,22,3,0.863636,0,BOS,0,63:32
2015020289,DET,H,2015-11-20,20152016,0,0,,,1,W,37,2,0.945946,0,LAK,0,60:00
2015020276,DET,H,2015-11-18,20152016,0,0,,,1,O,27,2,0.925926,0,WSH,0,60:45
2015020247,DET,R,2015-11-14,20152016,0,0,,,1,L,31,3,0.903226,0,BOS,0,57:38
2015020220,DET,H,2015-11-10,20152016,0,0,,,1,W,38,0,1.0,1,WSH,0,60:00
2015020211,DET,H,2015-11-08,20152016,0,0,,,0,,2,0,1.0,0,DAL,0,11:06
2015020194,DET,R,2015-11-06,20152016,0,0,,,1,W,33,1,0.969697,0,TOR,0,62:07
2015020158,DET,R,2015-10-31,20152016,0,0,,,1,W,36,3,0.916667,0,OTT,0,60:00
2015020127,DET,H,2015-10-27,20152016,0,0,,,1,L,20,2,0.9,0,CAR,0,59:10
2015020116,DET,R,2015-10-24,20152016,0,1,,,1,W,32,2,0.9375,0,VAN,0,63:50
2015020090,DET,R,2015-10-21,20152016,0,0,,,1,L,28,3,0.892857,0,EDM,0,56:42
2015020065,DET,R,2015-10-17,20152016,0,0,,,1,L,40,3,0.925,0,MTL,0,59:21
2015020023,DET,R,2015-10-10,20152016,0,0,,,1,W,47,3,0.93617,0,CAR,0,60:00
2015030125,DET,R,2016-04-21,20152016,0,0,,,1,L,24,1,0.958333,0,TBL,0,58:47
2015030124,DET,H,2016-04-19,20152016,0,0,,,1,L,33,3,0.909091,0,TBL,0,58:23
2015030123,DET,H,2016-04-17,20152016,0,0,,,1,W,16,0,1.0,1,TBL,0,60:00
2015021202,DET,R,2016-04-07,20152016,0,0,,,0,,8,0,1.0,0,BOS,0,19:15
2015021143,DET,R,2016-03-29,20152016,0,0,,,1,,7,2,0.714286,0,MTL,0,11:25
2015021115,DET,H,2016-03-26,20152016,0,0,,,1,L,27,4,0.851852,0,PIT,0,35:11
2015021105,DET,H,2016-03-24,20152016,0,0,,,1,W,29,3,0.896552,0,MTL,0,59:29
2015021093,DET,R,2016-03-22,20152016,0,0,,,0,,18,3,0.833333,0,TBL,0,39:27
2015021039,DET,R,2016-03-15,20152016,0,0,,,1,L,46,4,0.913043,0,PHI,0,59:14
2015021032,DET,H,2016-03-13,20152016,0,0,,,1,L,27,1,0.962963,0,TOR,0,58:38
2015021019,DET,H,2016-03-12,20152016,0,0,,,1,W,25,2,0.92,0,NYR,0,61:28
2015021009,DET,H,2016-03-10,20152016,0,0,,,1,W,25,2,0.92,0,WPG,0,60:00
2015020983,DET,R,2016-03-06,20152016,0,0,,,1,L,5,2,0.6,0,CHI,0,6:19
2015020952,DET,H,2016-03-02,20152016,0,0,,,1,L,33,5,0.848485,0,CHI,0,60:00
2015020927,DET,R,2016-02-27,20152016,0,1,,,1,W,27,3,0.888889,0,COL,0,59:54
2015020896,DET,H,2016-02-23,20152016,0,0,,,1,W,29,1,0.965517,0,CBJ,0,65:00
2015020876,DET,R,2016-02-20,20152016,0,0,,,1,O,27,2,0.925926,0,OTT,0,64:54
2015020859,DET,R,2016-02-18,20152016,0,0,,,1,L,32,5,0.84375,0,PIT,0,46:26
2015020837,DET,H,2016-02-14,20152016,0,0,,,1,W,22,5,0.772727,0,BOS,2,60:00
2015020821,DET,H,2016-02-12,20152016,0,0,,,1,O,21,2,0.904762,0,COL,0,65:00
2015020806,DET,H,2016-02-10,20152016,0,0,,,1,W,23,1,0.956522,0,OTT,0,59:59
2015020793,DET,H,2016-02-08,20152016,0,0,,,1,W,23,0,1.0,1,FLA,0,60:00
2015020778,DET,H,2016-02-06,20152016,0,0,,,1,W,29,1,0.965517,0,NYI,0,60:00
2015020757,DET,R,2016-02-03,20152016,0,0,,,1,L,23,3,0.869565,0,TBL,0,56:49
2015020725,DET,R,2016-01-25,20152016,0,0,,,1,W,29,2,0.931034,0,NYI,0,60:00
2015020703,DET,R,2016-01-22,20152016,0,0,,,1,W,19,0,1.0,1,BUF,0,60:00
2015020690,DET,H,2016-01-20,20152016,0,0,,,1,L,20,2,0.9,0,STL,0,57:58
2015020675,DET,H,2016-01-17,20152016,0,0,,,1,O,31,1,0.967742,0,PHI,0,64:57
2015020652,DET,R,2016-01-14,20152016,0,0,,,1,W,29,2,0.931034,0,ARI,0,62:08
2015020628,DET,R,2016-01-10,20152016,0,0,,,1,W,31,1,0.967742,0,ANA,0,60:00
2015020607,DET,R,2016-01-07,20152016,0,0,,,1,W,36,1,0.972222,0,SJS,0,60:00
2015020583,DET,R,2016-01-04,20152016,0,0,,,1,W,22,0,1.0,1,NJD,0,59:46
2015020567,DET,R,2016-01-02,20152016,0,0,,,1,W,35,3,0.914286,0,BUF,0,59:46
2015020557,DET,H,2015-12-31,20152016,0,0,,,1,L,36,4,0.888889,0,PIT,0,57:23
2015020547,DET,R,2015-12-29,20152016,0,0,,,0,,11,0,1.0,0,WPG,0,28:17
2015020538,DET,R,2015-12-28,20152016,0,0,,,1,L,34,2,0.941176,0,MIN,0,58:06
2015020522,DET,R,2015-12-26,20152016,0,0,,,1,W,26,2,0.923077,0,NSH,0,59:45
2015020509,DET,H,2015-12-22,20152016,0,0,,,0,L,11,1,0.909091,0,NJD,0,43:57
2015020496,DET,H,2015-12-20,20152016,0,0,,,1,W,28,2,0.928571,0,CGY,0,60:00
2015020452,DET,H,2015-12-14,20152016,0,0,,,1,L,30,2,0.933333,0,BUF,0,57:55
2015020421,DET,H,2015-12-10,20152016,0,0,,,1,W,25,2,0.92,0,MTL,0,60:00
2015020391,DET,H,2015-12-05,20152016,0,0,,,1,W,32,4,0.875,0,NSH,0,61:38
2015020362,DET,H,2015-12-01,20152016,0,0,,,1,W,32,4,0.875,0,BUF,0,65:00
2015020354,DET,H,2015-11-29,20152016,0,0,,,1,O,32,2,0.9375,0,FLA,0,61:20
2015020325,DET,H,2015-11-25,20152016,0,0,,,1,O,22,3,0.863636,0,BOS,0,63:32
2015020289,DET,H,2015-11-20,20152016,0,0,,,1,W,37,2,0.945946,0,LAK,0,60:00
2015020276,DET,H,2015-11-18,20152016,0,0,,,1,O,27,2,0.925926,0,WSH,0,60:45
2015020247,DET,R,2015-11-14,20152016,0,0,,,1,L,31,3,0.903226,0,BOS,0,57:38
2015020220,DET,H,2015-11-10,20152016,0,0,,,1,W,38,0,1.0,1,WSH,0,60:00
2015020211,DET,H,2015-11-08,20152016,0,0,,,0,,2,0,1.0,0,DAL,0,11:06
2015020194,DET,R,2015-11-06,20152016,0,0,,,1,W,33,1,0.969697,0,TOR,0,62:07
2015020158,DET,R,2015-10-31,20152016,0,0,,,1,W,36,3,0.916667,0,OTT,0,60:00
2015020127,DET,H,2015-10-27,20152016,0,0,,,1,L,20,2,0.9,0,CAR,0,59:10
2015020116,DET,R,2015-10-24,20152016,0,1,,,1,W,32,2,0.9375,0,VAN,0,63:50
2015020090,DET,R,2015-10-21,20152016,0,0,,,1,L,28,3,0.892857,0,EDM,0,56:42
2015020065,DET,R,2015-10-17,20152016,0,0,,,1,L,40,3,0.925,0,MTL,0,59:21
2015020023,DET,R,2015-10-10,20152016,0,0,,,1,W,47,3,0.93617,0,CAR,0,60:00
2015030125,DET,R,2016-04-21,20152016,0,0,,,1,L,24,1,0.958333,0,TBL,0,58:47
2015030124,DET,H,2016-04-19,20152016,0,0,,,1,L,33,3,0.909091,0,TBL,0,58:23
2015030123,DET,H,2016-04-17,20152016,0,0,,,1,W,16,0,1.0,1,TBL,0,60:00
2016021212,DET,H,2017-04-08,20162017,0,0,,,1,O,30,3,0.9,0,MTL,0,61:42
2016021177,DET,H,2017-04-03,20162017,0,0,,,1,W,45,4,0.911111,0,OTT,0,64:58
2016021145,DET,R,2017-03-30,20162017,0,0,,,1,L,31,5,0.83871,0,TBL,0,57:32
2016020477,DET,R,2017-03-27,20162017,0,0,,,1,W,42,3,0.928571,0,CAR,0,61:59
2016021102,DET,H,2017-03-24,20162017,0,0,,,1,O,32,2,0.9375,0,TBL,0,63:22
2016021071,DET,H,2017-03-20,20162017,0,0,,,1,L,30,2,0.933333,0,BUF,0,58:28
2016021046,DET,R,2017-03-16,20162017,0,0,,,1,W,26,4,0.846154,0,ARI,0,64:53
2016021011,DET,H,2017-03-12,20162017,0,0,,,1,L,31,4,0.870968,0,NYR,0,60:00
2016020982,DET,R,2017-03-08,20162017,0,0,,,0,,21,3,0.857143,0,BOS,0,46:28
2016020975,DET,R,2017-03-07,20162017,0,0,,,1,L,28,3,0.892857,0,TOR,0,58:51
2016020960,DET,R,2017-03-04,20162017,0,0,,,1,L,38,4,0.894737,0,EDM,0,58:50
2016020950,DET,R,2017-03-03,20162017,0,0,,,1,O,31,3,0.903226,0,CGY,0,61:52
2016020932,DET,R,2017-02-28,20162017,0,0,,,1,W,27,2,0.925926,0,VAN,0,61:54
2016020886,DET,H,2017-02-21,20162017,0,0,,,1,L,22,3,0.863636,0,NYI,0,57:30
2016020870,DET,R,2017-02-19,20162017,0,0,,,1,W,26,2,0.923077,0,PIT,0,59:49
2016020860,DET,H,2017-02-18,20162017,0,0,,,1,W,36,2,0.944444,0,WSH,0,65:00
2016020844,DET,H,2017-02-15,20162017,0,0,,,1,L,28,1,0.964286,0,STL,0,58:27
2016020820,DET,R,2017-02-11,20162017,0,0,,,1,L,39,2,0.948718,0,CBJ,0,57:55
2016020806,DET,R,2017-02-09,20162017,0,0,,,1,L,30,5,0.833333,0,WSH,0,58:35
2016020796,DET,H,2017-02-07,20162017,0,0,,,1,O,27,3,0.888889,0,CBJ,0,63:22
2016020780,DET,R,2017-02-04,20162017,0,0,,,1,W,42,0,1.0,1,NSH,0,60:00
2016020767,DET,H,2017-02-03,20162017,0,0,,,1,W,36,4,0.888889,0,NYI,0,60:00
2016020724,DET,H,2017-01-25,20162017,0,0,,,1,L,28,4,0.857143,0,TOR,0,60:00
2016020686,DET,R,2017-01-20,20162017,0,0,,,1,O,37,3,0.918919,0,BUF,0,64:22
2016020674,DET,H,2017-01-18,20162017,0,0,,,0,W,25,2,0.92,0,BOS,0,56:10
2016020629,DET,R,2017-01-12,20162017,0,0,,,1,L,20,4,0.8,0,DAL,0,57:37
2016020617,DET,R,2017-01-10,20162017,0,0,,,1,O,43,4,0.906977,0,CHI,0,60:38
2016020602,DET,R,2017-01-07,20162017,0,0,,,0,L,20,3,0.85,0,SJS,0,40:00
2016020577,DET,R,2017-01-04,20162017,0,0,,,1,L,24,2,0.916667,0,ANA,0,58:39
2016020521,DET,H,2016-12-27,20162017,0,0,,,1,L,22,4,0.818182,0,BUF,0,58:47
2016020486,DET,R,2016-12-20,20162017,0,0,,,0,L,15,3,0.8,0,TBL,0,34:21
2016020464,DET,H,2016-12-17,20162017,0,0,,,1,W,25,4,0.84,0,ANA,0,60:00
2016020406,DET,H,2016-12-09,20162017,0,0,,,1,L,17,3,0.823529,0,CBJ,0,33:28
2016020388,DET,R,2016-12-06,20162017,0,0,,,1,W,34,3,0.911765,0,WPG,0,64:47
2016020372,DET,R,2016-12-04,20162017,0,0,,,1,W,35,3,0.914286,0,NYI,0,61:02
2016020350,DET,H,2016-12-01,20162017,0,0,,,1,O,30,2,0.933333,0,FLA,0,62:04
2016020334,DET,H,2016-11-29,20162017,0,0,,,1,W,35,1,0.971429,0,DAL,2,60:00
2016020315,DET,H,2016-11-26,20162017,0,0,,,1,O,24,2,0.916667,0,MTL,0,63:37
2016020310,DET,R,2016-11-25,20162017,0,0,,,0,W,16,3,0.8125,0,NJD,0,51:47
2016020235,DET,H,2016-11-15,20162017,0,0,,,1,L,22,4,0.818182,0,TBL,0,59:30
2016020212,DET,R,2016-11-12,20162017,0,0,,,0,,12,0,1.0,0,MTL,0,19:40
2016020159,DET,H,2016-11-04,20162017,0,0,,,1,L,30,4,0.866667,0,WPG,0,59:40
2016020144,DET,R,2016-11-02,20162017,0,0,,,1,O,40,4,0.9,0,PHI,0,61:41
2016020124,DET,H,2016-10-30,20162017,0,0,,,1,L,10,4,0.6,0,FLA,0,25:02
2016020103,DET,R,2016-10-27,20162017,0,0,,,1,W,32,1,0.96875,0,STL,0,65:00
2016020088,DET,H,2016-10-25,20162017,0,0,,,1,W,31,2,0.935484,0,CAR,0,60:00
2016020064,DET,H,2016-10-21,20162017,0,0,,,1,W,33,3,0.909091,0,NSH,0,59:57
2016020035,DET,H,2016-10-17,20162017,0,0,,,1,W,32,1,0.96875,0,OTT,0,59:58
2016020020,DET,R,2016-10-15,20162017,0,0,,,1,L,37,3,0.918919,0,FLA,0,59:22
2016020009,DET,R,2016-10-13,20162017,0,0,,,1,L,35,5,0.857143,0,TBL,0,58:55
2017021230,PHI,R,2018-04-03,20172018,0,0,,,1,L,37,5,0.864865,0,NYI,0,58:20
2017021218,PHI,H,2018-04-01,20172018,0,0,,,1,W,39,3,0.923077,0,BOS,0,63:36
2017021188,PHI,R,2018-03-28,20172018,0,0,,,0,,17,0,1.0,0,COL,0,31:31
2017021183,PHI,R,2018-03-27,20172018,0,0,,,1,O,23,3,0.869565,0,DAL,0,60:40
2017021163,PHI,R,2018-03-25,20172018,0,0,,,0,O,21,2,0.904762,0,PIT,0,38:34
2017021126,PHI,R,2018-03-20,20172018,0,0,,,1,,19,3,0.842105,0,DET,0,29:57
2017021112,PHI,H,2018-03-18,20172018,0,0,,,1,W,28,3,0.892857,0,WSH,0,60:00
2017021085,PHI,H,2018-03-15,20172018,0,0,,,1,L,10,4,0.6,0,CBJ,0,23:23
2017021064,PHI,H,2018-03-12,20172018,0,0,,,1,L,29,3,0.896552,0,VGK,0,58:25
2017021051,PHI,H,2018-03-10,20172018,0,0,,,1,W,28,1,0.964286,0,WPG,0,59:46
2017021030,PHI,H,2018-03-07,20172018,0,0,,,1,L,27,4,0.851852,0,PIT,0,59:37
2017021008,PHI,R,2018-03-04,20172018,0,0,,,1,L,26,4,0.846154,0,FLA,0,60:00
2017021000,PHI,R,2018-03-03,20172018,0,0,,,1,O,35,6,0.828571,0,TBL,0,65:00
2017020984,PHI,H,2018-03-01,20172018,0,0,,,1,L,35,4,0.885714,0,CAR,0,60:00
2017020965,PHI,R,2018-02-26,20172018,0,0,,,1,W,28,0,1.0,1,MTL,0,65:00
2017020946,PHI,R,2018-02-24,20172018,0,0,,,1,W,28,3,0.892857,0,OTT,0,59:22
2017020932,PHI,H,2018-02-22,20172018,0,0,,,1,W,20,1,0.95,0,CBJ,0,60:00
2017020909,DET,H,2018-02-18,20172018,0,0,,,1,L,34,3,0.911765,0,TOR,0,59:32
2017020901,DET,R,2018-02-17,20172018,0,0,,,1,W,32,1,0.96875,0,NSH,0,59:37
2017020835,DET,R,2018-02-09,20172018,0,0,,,1,O,29,7,0.758621,0,NYI,0,62:32
2017020796,DET,R,2018-02-03,20172018,0,0,,,1,L,33,3,0.909091,0,FLA,0,59:58
2017020789,DET,R,2018-02-02,20172018,0,0,,,1,W,37,1,0.972973,0,CAR,0,60:00
2017020774,DET,H,2018-01-31,20172018,0,0,,,1,W,31,1,0.967742,0,SJS,0,65:00
2017020751,DET,H,2018-01-25,20172018,0,0,,,0,,18,1,0.944444,0,CHI,0,48:56
2017020735,DET,H,2018-01-23,20172018,0,0,,,1,O,31,3,0.903226,0,PHI,0,60:27
2017020727,DET,R,2018-01-22,20172018,0,0,,,1,W,37,0,1.0,1,NJD,0,60:00
2017020681,DET,R,2018-01-14,20172018,0,0,,,1,W,27,0,1.0,1,CHI,0,60:00
2017020649,DET,H,2018-01-07,20172018,0,0,,,1,L,24,5,0.791667,0,TBL,0,60:00
2017020518,DET,R,2017-12-19,20172018,0,0,,,1,W,37,3,0.918919,0,NYI,0,60:00
2017020446,DET,H,2017-12-09,20172018,0,0,,,0,,12,2,0.833333,0,STL,0,20:00
2017020398,DET,R,2017-12-02,20172018,0,0,,,1,L,25,5,0.8,0,MTL,0,33:43
2017020351,DET,H,2017-11-25,20172018,0,0,,,1,,24,3,0.875,0,NJD,0,46:12
2017020320,DET,H,2017-11-22,20172018,0,0,,,0,,9,2,0.777778,0,EDM,0,25:38
2017020239,DET,R,2017-11-09,20172018,0,0,,,1,L,33,5,0.848485,0,CGY,0,59:45
2017020213,DET,R,2017-11-05,20172018,0,0,,,1,W,36,0,1.0,1,EDM,0,60:00
2017020106,DET,H,2017-10-20,20172018,0,0,,,1,O,41,4,0.902439,0,WSH,0,61:14
2017020092,DET,R,2017-10-18,20172018,0,0,,,0,L,21,2,0.904762,0,TOR,0,43:53
2017020062,DET,R,2017-10-13,20172018,0,0,,,1,W,27,3,0.888889,0,VGK,0,60:00
2017020043,DET,R,2017-10-10,20172018,0,0,,,1,L,32,3,0.90625,0,DAL,0,57:04
2017030141,PHI,R,2018-04-11,20172018,0,0,,,0,,14,2,0.857143,0,PIT,0,30:59
2017021230,PHI,R,2018-04-03,20172018,0,0,,,1,L,37,5,0.864865,0,NYI,0,58:20
2017021218,PHI,H,2018-04-01,20172018,0,0,,,1,W,39,3,0.923077,0,BOS,0,63:36
2017021188,PHI,R,2018-03-28,20172018,0,0,,,0,,17,0,1.0,0,COL,0,31:31
2017021183,PHI,R,2018-03-27,20172018,0,0,,,1,O,23,3,0.869565,0,DAL,0,60:40
2017021163,PHI,R,2018-03-25,20172018,0,0,,,0,O,21,2,0.904762,0,PIT,0,38:34
2017021126,PHI,R,2018-03-20,20172018,0,0,,,1,,19,3,0.842105,0,DET,0,29:57
2017021112,PHI,H,2018-03-18,20172018,0,0,,,1,W,28,3,0.892857,0,WSH,0,60:00
2017021085,PHI,H,2018-03-15,20172018,0,0,,,1,L,10,4,0.6,0,CBJ,0,23:23
2017021064,PHI,H,2018-03-12,20172018,0,0,,,1,L,29,3,0.896552,0,VGK,0,58:25
2017021051,PHI,H,2018-03-10,20172018,0,0,,,1,W,28,1,0.964286,0,WPG,0,59:46
2017021030,PHI,H,2018-03-07,20172018,0,0,,,1,L,27,4,0.851852,0,PIT,0,59:37
2017021008,PHI,R,2018-03-04,20172018,0,0,,,1,L,26,4,0.846154,0,FLA,0,60:00
2017021000,PHI,R,2018-03-03,20172018,0,0,,,1,O,35,6,0.828571,0,TBL,0,65:00
2017020984,PHI,H,2018-03-01,20172018,0,0,,,1,L,35,4,0.885714,0,CAR,0,60:00
2017020965,PHI,R,2018-02-26,20172018,0,0,,,1,W,28,0,1.0,1,MTL,0,65:00
2017020946,PHI,R,2018-02-24,20172018,0,0,,,1,W,28,3,0.892857,0,OTT,0,59:22
2017020932,PHI,H,2018-02-22,20172018,0,0,,,1,W,20,1,0.95,0,CBJ,0,60:00
2017020909,DET,H,2018-02-18,20172018,0,0,,,1,L,34,3,0.911765,0,TOR,0,59:32
2017020901,DET,R,2018-02-17,20172018,0,0,,,1,W,32,1,0.96875,0,NSH,0,59:37
2017020835,DET,R,2018-02-09,20172018,0,0,,,1,O,29,7,0.758621,0,NYI,0,62:32
2017020796,DET,R,2018-02-03,20172018,0,0,,,1,L,33,3,0.909091,0,FLA,0,59:58
2017020789,DET,R,2018-02-02,20172018,0,0,,,1,W,37,1,0.972973,0,CAR,0,60:00
2017020774,DET,H,2018-01-31,20172018,0,0,,,1,W,31,1,0.967742,0,SJS,0,65:00
2017020751,DET,H,2018-01-25,20172018,0,0,,,0,,18,1,0.944444,0,CHI,0,48:56
2017020735,DET,H,2018-01-23,20172018,0,0,,,1,O,31,3,0.903226,0,PHI,0,60:27
2017020727,DET,R,2018-01-22,20172018,0,0,,,1,W,37,0,1.0,1,NJD,0,60:00
2017020681,DET,R,2018-01-14,20172018,0,0,,,1,W,27,0,1.0,1,CHI,0,60:00
2017020649,DET,H,2018-01-07,20172018,0,0,,,1,L,24,5,0.791667,0,TBL,0,60:00
2017020518,DET,R,2017-12-19,20172018,0,0,,,1,W,37,3,0.918919,0,NYI,0,60:00
2017020446,DET,H,2017-12-09,20172018,0,0,,,0,,12,2,0.833333,0,STL,0,20:00
2017020398,DET,R,2017-12-02,20172018,0,0,,,1,L,25,5,0.8,0,MTL,0,33:43
2017020351,DET,H,2017-11-25,20172018,0,0,,,1,,24,3,0.875,0,NJD,0,46:12
2017020320,DET,H,2017-11-22,20172018,0,0,,,0,,9,2,0.777778,0,EDM,0,25:38
2017020239,DET,R,2017-11-09,20172018,0,0,,,1,L,33,5,0.848485,0,CGY,0,59:45
2017020213,DET,R,2017-11-05,20172018,0,0,,,1,W,36,0,1.0,1,EDM,0,60:00
2017020106,DET,H,2017-10-20,20172018,0,0,,,1,O,41,4,0.902439,0,WSH,0,61:14
2017020092,DET,R,2017-10-18,20172018,0,0,,,0,L,21,2,0.904762,0,TOR,0,43:53
2017020062,DET,R,2017-10-13,20172018,0,0,,,1,W,27,3,0.888889,0,VGK,0,60:00
2017020043,DET,R,2017-10-10,20172018,0,0,,,1,L,32,3,0.90625,0,DAL,0,57:04
2017030141,PHI,R,2018-04-11,20172018,0,0,,,0,,14,2,0.857143,0,PIT,0,30:59
2017021230,PHI,R,2018-04-03,20172018,0,0,,,1,L,37,5,0.864865,0,NYI,0,58:20
2017021218,PHI,H,2018-04-01,20172018,0,0,,,1,W,39,3,0.923077,0,BOS,0,63:36
2017021188,PHI,R,2018-03-28,20172018,0,0,,,0,,17,0,1.0,0,COL,0,31:31
2017021183,PHI,R,2018-03-27,20172018,0,0,,,1,O,23,3,0.869565,0,DAL,0,60:40
2017021163,PHI,R,2018-03-25,20172018,0,0,,,0,O,21,2,0.904762,0,PIT,0,38:34
2017021126,PHI,R,2018-03-20,20172018,0,0,,,1,,19,3,0.842105,0,DET,0,29:57
2017021112,PHI,H,2018-03-18,20172018,0,0,,,1,W,28,3,0.892857,0,WSH,0,60:00
2017021085,PHI,H,2018-03-15,20172018,0,0,,,1,L,10,4,0.6,0,CBJ,0,23:23
2017021064,PHI,H,2018-03-12,20172018,0,0,,,1,L,29,3,0.896552,0,VGK,0,58:25
2017021051,PHI,H,2018-03-10,20172018,0,0,,,1,W,28,1,0.964286,0,WPG,0,59:46
2017021030,PHI,H,2018-03-07,20172018,0,0,,,1,L,27,4,0.851852,0,PIT,0,59:37
2017021008,PHI,R,2018-03-04,20172018,0,0,,,1,L,26,4,0.846154,0,FLA,0,60:00
2017021000,PHI,R,2018-03-03,20172018,0,0,,,1,O,35,6,0.828571,0,TBL,0,65:00
2017020984,PHI,H,2018-03-01,20172018,0,0,,,1,L,35,4,0.885714,0,CAR,0,60:00
2017020965,PHI,R,2018-02-26,20172018,0,0,,,1,W,28,0,1.0,1,MTL,0,65:00
2017020946,PHI,R,2018-02-24,20172018,0,0,,,1,W,28,3,0.892857,0,OTT,0,59:22
2017020932,PHI,H,2018-02-22,20172018,0,0,,,1,W,20,1,0.95,0,CBJ,0,60:00
2017020909,DET,H,2018-02-18,20172018,0,0,,,1,L,34,3,0.911765,0,TOR,0,59:32
2017020901,DET,R,2018-02-17,20172018,0,0,,,1,W,32,1,0.96875,0,NSH,0,59:37
2017020835,DET,R,2018-02-09,20172018,0,0,,,1,O,29,7,0.758621,0,NYI,0,62:32
2017020796,DET,R,2018-02-03,20172018,0,0,,,1,L,33,3,0.909091,0,FLA,0,59:58
2017020789,DET,R,2018-02-02,20172018,0,0,,,1,W,37,1,0.972973,0,CAR,0,60:00
2017020774,DET,H,2018-01-31,20172018,0,0,,,1,W,31,1,0.967742,0,SJS,0,65:00
2017020751,DET,H,2018-01-25,20172018,0,0,,,0,,18,1,0.944444,0,CHI,0,48:56
2017020735,DET,H,2018-01-23,20172018,0,0,,,1,O,31,3,0.903226,0,PHI,0,60:27
2017020727,DET,R,2018-01-22,20172018,0,0,,,1,W,37,0,1.0,1,NJD,0,60:00
2017020681,DET,R,2018-01-14,20172018,0,0,,,1,W,27,0,1.0,1,CHI,0,60:00
2017020649,DET,H,2018-01-07,20172018,0,0,,,1,L,24,5,0.791667,0,TBL,0,60:00
2017020518,DET,R,2017-12-19,20172018,0,0,,,1,W,37,3,0.918919,0,NYI,0,60:00
2017020446,DET,H,2017-12-09,20172018,0,0,,,0,,12,2,0.833333,0,STL,0,20:00
2017020398,DET,R,2017-12-02,20172018,0,0,,,1,L,25,5,0.8,0,MTL,0,33:43
2017020351,DET,H,2017-11-25,20172018,0,0,,,1,,24,3,0.875,0,NJD,0,46:12
2017020320,DET,H,2017-11-22,20172018,0,0,,,0,,9,2,0.777778,0,EDM,0,25:38
2017020239,DET,R,2017-11-09,20172018,0,0,,,1,L,33,5,0.848485,0,CGY,0,59:45
2017020213,DET,R,2017-11-05,20172018,0,0,,,1,W,36,0,1.0,1,EDM,0,60:00
2017020106,DET,H,2017-10-20,20172018,0,0,,,1,O,41,4,0.902439,0,WSH,0,61:14
2017020092,DET,R,2017-10-18,20172018,0,0,,,0,L,21,2,0.904762,0,TOR,0,43:53
2017020062,DET,R,2017-10-13,20172018,0,0,,,1,W,27,3,0.888889,0,VGK,0,60:00
2017020043,DET,R,2017-10-10,20172018,0,0,,,1,L,32,3,0.90625,0,DAL,0,57:04
2017030141,PHI,R,2018-04-11,20172018,0,0,,,0,,14,2,0.857143,0,PIT,0,30:59
2018021247,CAR,H,2019-04-04,20182019,0,0,,,1,W,37,1,0.972973,0,NJD,0,60:00
2018021231,CAR,R,2019-04-02,20182019,0,0,,,1,W,24,1,0.958333,0,TOR,0,59:39
2018021203,CAR,H,2019-03-30,20182019,0,1,,,1,W,32,2,0.9375,0,PHI,0,59:57
2018021178,CAR,R,2019-03-26,20182019,0,0,,,1,L,27,3,0.888889,0,WSH,2,58:58
2018021157,CAR,H,2019-03-23,20182019,0,0,,,1,W,25,1,0.96,0,MIN,0,60:00
2018021126,CAR,H,2019-03-19,20182019,0,0,,,1,W,38,2,0.947368,0,PIT,0,64:23
2018021094,CAR,R,2019-03-15,20182019,0,0,,,1,L,19,2,0.894737,0,CBJ,0,59:20
2018021070,CAR,R,2019-03-11,20182019,0,0,,,1,W,38,0,1.0,1,COL,0,60:00
2018021056,CAR,R,2019-03-09,20182019,0,0,,,1,W,34,3,0.911765,0,NSH,0,59:58
2018021005,CAR,R,2019-03-02,20182019,0,0,,,1,W,34,3,0.911765,0,FLA,0,61:46
2018020972,CAR,H,2019-02-26,20182019,0,0,,,1,W,23,1,0.956522,0,LAK,0,60:00
2018020930,CAR,R,2019-02-21,20182019,0,0,,,1,W,30,3,0.9,0,FLA,0,60:00
2018020899,CAR,H,2019-02-16,20182019,0,0,,,1,W,33,0,1.0,1,DAL,2,60:00
2018020855,CAR,R,2019-02-10,20182019,0,0,,,1,L,21,3,0.857143,0,NJD,0,56:15
2018020837,CAR,R,2019-02-08,20182019,0,0,,,1,W,27,0,1.0,1,NYR,0,59:53
2018020804,CAR,H,2019-02-03,20182019,0,0,,,1,L,32,4,0.875,0,CGY,0,58:11
2018020787,CAR,H,2019-02-01,20182019,0,0,,,1,W,25,2,0.92,0,VGK,0,60:00
2018020763,CAR,R,2019-01-22,20182019,0,0,,,1,O,25,3,0.88,0,CGY,0,59:36
2018020755,CAR,R,2019-01-20,20182019,0,0,,,1,W,21,4,0.809524,0,EDM,0,60:00
2018020736,CAR,H,2019-01-18,20182019,0,0,,,1,L,26,4,0.846154,0,OTT,0,60:00
2018020699,CAR,H,2019-01-13,20182019,0,0,,,1,W,23,3,0.869565,0,NSH,0,60:00
2018020676,CAR,R,2019-01-10,20182019,0,0,,,1,L,29,2,0.931034,0,TBL,0,59:06
2018020647,CAR,R,2019-01-06,20182019,0,0,,,1,W,31,4,0.870968,0,OTT,0,60:00
2018020625,CAR,R,2019-01-03,20182019,0,0,,,1,W,37,3,0.918919,0,PHI,0,60:00
2018020570,CAR,R,2018-12-27,20182019,0,0,,,1,L,32,2,0.9375,0,WSH,0,58:23
2018020560,CAR,H,2018-12-23,20182019,0,0,,,1,W,30,3,0.9,0,BOS,0,59:51
2018020534,CAR,H,2018-12-20,20182019,0,0,,,1,L,23,3,0.869565,0,DET,0,57:08
2018020506,CAR,H,2018-12-16,20182019,0,0,,,1,W,23,0,1.0,1,ARI,0,58:57
2018020481,CAR,R,2018-12-13,20182019,0,0,,,1,L,39,5,0.871795,0,MTL,0,57:53
2018020468,CAR,H,2018-12-11,20182019,0,0,,,1,L,29,4,0.862069,0,TOR,0,59:27
2018020443,CAR,R,2018-12-07,20182019,0,0,,,1,W,19,1,0.947368,0,ANA,2,60:00
2018020412,CAR,R,2018-12-02,20182019,0,0,,,1,L,34,1,0.970588,0,LAK,0,58:55
2018020194,CAR,R,2018-11-02,20182019,0,0,,,1,O,25,4,0.84,0,ARI,0,61:15
2018020161,CAR,H,2018-10-28,20182019,0,0,,,1,L,20,2,0.9,0,NYI,0,58:09
2018020146,CAR,H,2018-10-26,20182019,0,0,,,1,W,23,3,0.869565,0,SJS,0,65:00
2018020119,CAR,R,2018-10-22,20182019,0,0,,,1,W,21,1,0.952381,0,DET,0,60:00
2018020082,CAR,R,2018-10-16,20182019,0,0,,,1,L,26,3,0.884615,0,TBL,0,57:33
2018020073,CAR,R,2018-10-14,20182019,0,0,,,1,L,25,2,0.92,0,WPG,0,58:02
2018020029,CAR,H,2018-10-07,20182019,0,0,,,1,W,24,5,0.791667,0,NYR,0,60:00
2018020008,CAR,H,2018-10-04,20182019,0,0,,,1,O,20,2,0.9,0,NYI,0,59:16
2018030312,CAR,R,2019-05-12,20182019,0,0,,,1,L,25,6,0.76,0,BOS,0,60:00
2018030311,CAR,R,2019-05-09,20182019,0,0,,,1,L,27,4,0.851852,0,BOS,0,59:35
2018030222,CAR,R,2019-04-28,20182019,0,0,,,1,,10,1,0.9,0,NYI,0,26:27
2018030221,CAR,R,2019-04-26,20182019,0,0,,,1,W,31,0,1.0,1,NYI,0,64:04
2018030137,CAR,R,2019-04-24,20182019,0,0,,,1,W,37,3,0.918919,0,WSH,0,91:05
2018030136,CAR,H,2019-04-22,20182019,0,0,,,1,W,25,2,0.92,0,WSH,0,59:57
2018030135,CAR,R,2019-04-20,20182019,0,0,,,1,L,28,6,0.785714,0,WSH,0,58:48
2018030134,CAR,H,2019-04-18,20182019,0,0,,,1,W,31,1,0.967742,0,WSH,0,60:00
2018030133,CAR,H,2019-04-15,20182019,0,0,,,1,W,18,0,1.0,1,WSH,0,59:57
2018030132,CAR,R,2019-04-13,20182019,0,0,,,1,L,33,4,0.878788,0,WSH,0,61:41
2018030131,CAR,R,2019-04-11,20182019,0,0,,,1,L,17,3,0.823529,0,WSH,0,58:09
2018021247,CAR,H,2019-04-04,20182019,0,0,,,1,W,37,1,0.972973,0,NJD,0,60:00
2018021231,CAR,R,2019-04-02,20182019,0,0,,,1,W,24,1,0.958333,0,TOR,0,59:39
2018021203,CAR,H,2019-03-30,20182019,0,1,,,1,W,32,2,0.9375,0,PHI,0,59:57
2018021178,CAR,R,2019-03-26,20182019,0,0,,,1,L,27,3,0.888889,0,WSH,2,58:58
2018021157,CAR,H,2019-03-23,20182019,0,0,,,1,W,25,1,0.96,0,MIN,0,60:00
2018021126,CAR,H,2019-03-19,20182019,0,0,,,1,W,38,2,0.947368,0,PIT,0,64:23
2018021094,CAR,R,2019-03-15,20182019,0,0,,,1,L,19,2,0.894737,0,CBJ,0,59:20
2018021070,CAR,R,2019-03-11,20182019,0,0,,,1,W,38,0,1.0,1,COL,0,60:00
2018021056,CAR,R,2019-03-09,20182019,0,0,,,1,W,34,3,0.911765,0,NSH,0,59:58
2018021005,CAR,R,2019-03-02,20182019,0,0,,,1,W,34,3,0.911765,0,FLA,0,61:46
2018020972,CAR,H,2019-02-26,20182019,0,0,,,1,W,23,1,0.956522,0,LAK,0,60:00
2018020930,CAR,R,2019-02-21,20182019,0,0,,,1,W,30,3,0.9,0,FLA,0,60:00
2018020899,CAR,H,2019-02-16,20182019,0,0,,,1,W,33,0,1.0,1,DAL,2,60:00
2018020855,CAR,R,2019-02-10,20182019,0,0,,,1,L,21,3,0.857143,0,NJD,0,56:15
2018020837,CAR,R,2019-02-08,20182019,0,0,,,1,W,27,0,1.0,1,NYR,0,59:53
2018020804,CAR,H,2019-02-03,20182019,0,0,,,1,L,32,4,0.875,0,CGY,0,58:11
2018020787,CAR,H,2019-02-01,20182019,0,0,,,1,W,25,2,0.92,0,VGK,0,60:00
2018020763,CAR,R,2019-01-22,20182019,0,0,,,1,O,25,3,0.88,0,CGY,0,59:36
2018020755,CAR,R,2019-01-20,20182019,0,0,,,1,W,21,4,0.809524,0,EDM,0,60:00
2018020736,CAR,H,2019-01-18,20182019,0,0,,,1,L,26,4,0.846154,0,OTT,0,60:00
2018020699,CAR,H,2019-01-13,20182019,0,0,,,1,W,23,3,0.869565,0,NSH,0,60:00
2018020676,CAR,R,2019-01-10,20182019,0,0,,,1,L,29,2,0.931034,0,TBL,0,59:06
2018020647,CAR,R,2019-01-06,20182019,0,0,,,1,W,31,4,0.870968,0,OTT,0,60:00
2018020625,CAR,R,2019-01-03,20182019,0,0,,,1,W,37,3,0.918919,0,PHI,0,60:00
2018020570,CAR,R,2018-12-27,20182019,0,0,,,1,L,32,2,0.9375,0,WSH,0,58:23
2018020560,CAR,H,2018-12-23,20182019,0,0,,,1,W,30,3,0.9,0,BOS,0,59:51
2018020534,CAR,H,2018-12-20,20182019,0,0,,,1,L,23,3,0.869565,0,DET,0,57:08
2018020506,CAR,H,2018-12-16,20182019,0,0,,,1,W,23,0,1.0,1,ARI,0,58:57
2018020481,CAR,R,2018-12-13,20182019,0,0,,,1,L,39,5,0.871795,0,MTL,0,57:53
2018020468,CAR,H,2018-12-11,20182019,0,0,,,1,L,29,4,0.862069,0,TOR,0,59:27
2018020443,CAR,R,2018-12-07,20182019,0,0,,,1,W,19,1,0.947368,0,ANA,2,60:00
2018020412,CAR,R,2018-12-02,20182019,0,0,,,1,L,34,1,0.970588,0,LAK,0,58:55
2018020194,CAR,R,2018-11-02,20182019,0,0,,,1,O,25,4,0.84,0,ARI,0,61:15
2018020161,CAR,H,2018-10-28,20182019,0,0,,,1,L,20,2,0.9,0,NYI,0,58:09
2018020146,CAR,H,2018-10-26,20182019,0,0,,,1,W,23,3,0.869565,0,SJS,0,65:00
2018020119,CAR,R,2018-10-22,20182019,0,0,,,1,W,21,1,0.952381,0,DET,0,60:00
2018020082,CAR,R,2018-10-16,20182019,0,0,,,1,L,26,3,0.884615,0,TBL,0,57:33
2018020073,CAR,R,2018-10-14,20182019,0,0,,,1,L,25,2,0.92,0,WPG,0,58:02
2018020029,CAR,H,2018-10-07,20182019,0,0,,,1,W,24,5,0.791667,0,NYR,0,60:00
2018020008,CAR,H,2018-10-04,20182019,0,0,,,1,O,20,2,0.9,0,NYI,0,59:16
2018030312,CAR,R,2019-05-12,20182019,0,0,,,1,L,25,6,0.76,0,BOS,0,60:00
2018030311,CAR,R,2019-05-09,20182019,0,0,,,1,L,27,4,0.851852,0,BOS,0,59:35
2018030222,CAR,R,2019-04-28,20182019,0,0,,,1,,10,1,0.9,0,NYI,0,26:27
2018030221,CAR,R,2019-04-26,20182019,0,0,,,1,W,31,0,1.0,1,NYI,0,64:04
2018030137,CAR,R,2019-04-24,20182019,0,0,,,1,W,37,3,0.918919,0,WSH,0,91:05
2018030136,CAR,H,2019-04-22,20182019,0,0,,,1,W,25,2,0.92,0,WSH,0,59:57
2018030135,CAR,R,2019-04-20,20182019,0,0,,,1,L,28,6,0.785714,0,WSH,0,58:48
2018030134,CAR,H,2019-04-18,20182019,0,0,,,1,W,31,1,0.967742,0,WSH,0,60:00
2018030133,CAR,H,2019-04-15,20182019,0,0,,,1,W,18,0,1.0,1,WSH,0,59:57
2018030132,CAR,R,2019-04-13,20182019,0,0,,,1,L,33,4,0.878788,0,WSH,0,61:41
2018030131,CAR,R,2019-04-11,20182019,0,0,,,1,L,17,3,0.823529,0,WSH,0,58:09
2019021074,CAR,R,2020-03-10,20192020,0,0,,,1,W,25,2,0.92,0,DET,0,59:56
2019020951,CAR,R,2020-02-22,20192020,0,0,,,0,,15,1,0.933333,0,TOR,0,25:09
2019020942,CAR,H,2020-02-21,20192020,0,0,,,1,L,35,4,0.885714,0,NYR,0,58:25
2019020925,CAR,R,2020-02-18,20192020,0,0,,,1,W,29,1,0.965517,0,NSH,0,60:00
2019020894,CAR,H,2020-02-14,20192020,0,0,,,1,W,37,2,0.945946,0,NJD,0,59:58
2019020873,CAR,R,2020-02-11,20192020,0,0,,,1,L,36,3,0.916667,0,DAL,0,58:55
2019020820,CAR,R,2020-02-04,20192020,0,0,,,1,L,26,6,0.769231,0,STL,0,59:56
2019020788,CAR,H,2020-01-31,20192020,0,0,,,1,L,37,4,0.891892,0,VGK,0,58:40
2019020764,CAR,H,2020-01-21,20192020,0,0,,,1,W,17,1,0.941176,0,WPG,2,59:57
2019020733,CAR,R,2020-01-16,20192020,0,0,,,1,L,18,3,0.833333,0,CBJ,0,58:46
2019020712,CAR,R,2020-01-13,20192020,0,0,,,1,L,30,2,0.933333,0,WSH,0,57:17
2019020690,CAR,H,2020-01-10,20192020,0,0,,,1,W,32,0,1.0,1,ARI,0,60:00
2019020655,CAR,H,2020-01-05,20192020,0,0,,,1,L,26,3,0.884615,0,TBL,0,57:06
2019020639,CAR,H,2020-01-03,20192020,0,0,,,1,L,29,4,0.862069,0,WSH,0,59:07
2019020618,CAR,H,2019-12-31,20192020,0,0,,,1,W,30,1,0.966667,0,MTL,0,60:00
2019020597,CAR,H,2019-12-28,20192020,0,0,,,1,W,29,4,0.862069,0,WSH,0,60:00
2019020569,CAR,R,2019-12-23,20192020,0,0,,,0,L,31,4,0.870968,0,TOR,0,54:09
2019020559,CAR,H,2019-12-21,20192020,0,0,,,1,L,22,4,0.818182,0,FLA,0,56:51
2019020530,CAR,R,2019-12-17,20192020,0,0,,,1,W,33,3,0.909091,0,WPG,0,60:00
2019020496,CAR,R,2019-12-12,20192020,0,0,,,1,O,26,1,0.961538,0,VAN,0,60:14
2019020458,CAR,H,2019-12-07,20192020,0,0,,,1,W,24,2,0.916667,0,MIN,0,60:00
2019020443,CAR,H,2019-12-05,20192020,0,0,,,1,W,30,2,0.933333,0,SJS,2,64:21
2019020401,CAR,H,2019-11-29,20192020,0,0,,,1,L,28,3,0.892857,0,NSH,0,60:00
2019020381,CAR,R,2019-11-27,20192020,0,0,,,1,L,25,3,0.88,0,NYR,0,57:54
2019020355,CAR,H,2019-11-23,20192020,0,0,,,1,W,23,2,0.913043,0,FLA,0,60:00
2019020336,CAR,H,2019-11-21,20192020,0,0,,,1,L,22,4,0.818182,0,PHI,0,58:26
2019020326,CAR,R,2019-11-19,20192020,0,0,,,1,W,32,2,0.9375,0,CHI,0,59:54
2019020286,CAR,R,2019-11-14,20192020,0,0,,,1,W,33,4,0.878788,0,BUF,0,62:28
2019020271,CAR,H,2019-11-11,20192020,0,0,,,1,W,29,2,0.931034,0,OTT,0,60:00
2019020241,CAR,H,2019-11-07,20192020,0,0,,,1,L,18,3,0.833333,0,NYR,0,58:04
2019020226,CAR,R,2019-11-05,20192020,0,0,,,1,L,28,4,0.857143,0,PHI,0,59:54
2019020199,CAR,H,2019-11-01,20192020,0,0,,,1,W,32,3,0.90625,0,DET,0,60:00
2019020183,CAR,H,2019-10-29,20192020,0,0,,,1,W,29,1,0.965517,0,CGY,0,59:42
2019020161,CAR,H,2019-10-26,20192020,0,0,,,1,W,32,0,1.0,1,CHI,0,59:43
2019020148,CAR,R,2019-10-24,20192020,0,0,,,1,O,31,4,0.870968,0,CBJ,0,63:28
2019020112,CAR,R,2019-10-18,20192020,0,0,,,1,L,13,4,0.692308,0,ANA,0,25:51
2019020091,CAR,R,2019-10-15,20192020,0,0,,,1,W,31,0,1.0,1,LAK,0,60:00
2019020060,CAR,H,2019-10-11,20192020,0,0,,,1,W,19,2,0.894737,0,NYI,0,60:00
2019020031,CAR,H,2019-10-06,20192020,0,0,,,1,W,13,3,0.769231,0,TBL,0,61:48
2019020008,CAR,H,2019-10-03,20192020,0,0,,,1,W,36,3,0.916667,0,MTL,0,65:00
2019030145,CAR,R,2020-08-19,20192020,0,0,,,1,L,27,2,0.925926,0,BOS,0,57:46
2019030143,CAR,H,2020-08-15,20192020,0,0,,,1,L,38,2,0.947368,0,BOS,0,57:47
2019030141,CAR,R,2020-08-12,20192020,0,0,,,1,L,40,4,0.9,0,BOS,0,81:13
2019030032,CAR,H,2020-08-03,20192020,0,0,,,1,W,24,1,0.958333,0,NYR,0,60:00
2019030031,CAR,H,2020-08-01,20192020,0,0,,,1,W,26,2,0.923077,0,NYR,0,59:50
2019021074,CAR,R,2020-03-10,20192020,0,0,,,1,W,25,2,0.92,0,DET,0,59:56
2019020951,CAR,R,2020-02-22,20192020,0,0,,,0,,15,1,0.933333,0,TOR,0,25:09
2019020942,CAR,H,2020-02-21,20192020,0,0,,,1,L,35,4,0.885714,0,NYR,0,58:25
2019020925,CAR,R,2020-02-18,20192020,0,0,,,1,W,29,1,0.965517,0,NSH,0,60:00
2019020894,CAR,H,2020-02-14,20192020,0,0,,,1,W,37,2,0.945946,0,NJD,0,59:58
2019020873,CAR,R,2020-02-11,20192020,0,0,,,1,L,36,3,0.916667,0,DAL,0,58:55
2019020820,CAR,R,2020-02-04,20192020,0,0,,,1,L,26,6,0.769231,0,STL,0,59:56
2019020788,CAR,H,2020-01-31,20192020,0,0,,,1,L,37,4,0.891892,0,VGK,0,58:40
2019020764,CAR,H,2020-01-21,20192020,0,0,,,1,W,17,1,0.941176,0,WPG,2,59:57
2019020733,CAR,R,2020-01-16,20192020,0,0,,,1,L,18,3,0.833333,0,CBJ,0,58:46
2019020712,CAR,R,2020-01-13,20192020,0,0,,,1,L,30,2,0.933333,0,WSH,0,57:17
2019020690,CAR,H,2020-01-10,20192020,0,0,,,1,W,32,0,1.0,1,ARI,0,60:00
2019020655,CAR,H,2020-01-05,20192020,0,0,,,1,L,26,3,0.884615,0,TBL,0,57:06
2019020639,CAR,H,2020-01-03,20192020,0,0,,,1,L,29,4,0.862069,0,WSH,0,59:07
2019020618,CAR,H,2019-12-31,20192020,0,0,,,1,W,30,1,0.966667,0,MTL,0,60:00
2019020597,CAR,H,2019-12-28,20192020,0,0,,,1,W,29,4,0.862069,0,WSH,0,60:00
2019020569,CAR,R,2019-12-23,20192020,0,0,,,0,L,31,4,0.870968,0,TOR,0,54:09
2019020559,CAR,H,2019-12-21,20192020,0,0,,,1,L,22,4,0.818182,0,FLA,0,56:51
2019020530,CAR,R,2019-12-17,20192020,0,0,,,1,W,33,3,0.909091,0,WPG,0,60:00
2019020496,CAR,R,2019-12-12,20192020,0,0,,,1,O,26,1,0.961538,0,VAN,0,60:14
2019020458,CAR,H,2019-12-07,20192020,0,0,,,1,W,24,2,0.916667,0,MIN,0,60:00
2019020443,CAR,H,2019-12-05,20192020,0,0,,,1,W,30,2,0.933333,0,SJS,2,64:21
2019020401,CAR,H,2019-11-29,20192020,0,0,,,1,L,28,3,0.892857,0,NSH,0,60:00
2019020381,CAR,R,2019-11-27,20192020,0,0,,,1,L,25,3,0.88,0,NYR,0,57:54
2019020355,CAR,H,2019-11-23,20192020,0,0,,,1,W,23,2,0.913043,0,FLA,0,60:00
2019020336,CAR,H,2019-11-21,20192020,0,0,,,1,L,22,4,0.818182,0,PHI,0,58:26
2019020326,CAR,R,2019-11-19,20192020,0,0,,,1,W,32,2,0.9375,0,CHI,0,59:54
2019020286,CAR,R,2019-11-14,20192020,0,0,,,1,W,33,4,0.878788,0,BUF,0,62:28
2019020271,CAR,H,2019-11-11,20192020,0,0,,,1,W,29,2,0.931034,0,OTT,0,60:00
2019020241,CAR,H,2019-11-07,20192020,0,0,,,1,L,18,3,0.833333,0,NYR,0,58:04
2019020226,CAR,R,2019-11-05,20192020,0,0,,,1,L,28,4,0.857143,0,PHI,0,59:54
2019020199,CAR,H,2019-11-01,20192020,0,0,,,1,W,32,3,0.90625,0,DET,0,60:00
2019020183,CAR,H,2019-10-29,20192020,0,0,,,1,W,29,1,0.965517,0,CGY,0,59:42
2019020161,CAR,H,2019-10-26,20192020,0,0,,,1,W,32,0,1.0,1,CHI,0,59:43
2019020148,CAR,R,2019-10-24,20192020,0,0,,,1,O,31,4,0.870968,0,CBJ,0,63:28
2019020112,CAR,R,2019-10-18,20192020,0,0,,,1,L,13,4,0.692308,0,ANA,0,25:51
2019020091,CAR,R,2019-10-15,20192020,0,0,,,1,W,31,0,1.0,1,LAK,0,60:00
2019020060,CAR,H,2019-10-11,20192020,0,0,,,1,W,19,2,0.894737,0,NYI,0,60:00
2019020031,CAR,H,2019-10-06,20192020,0,0,,,1,W,13,3,0.769231,0,TBL,0,61:48
2019020008,CAR,H,2019-10-03,20192020,0,0,,,1,W,36,3,0.916667,0,MTL,0,65:00
2019030145,CAR,R,2020-08-19,20192020,0,0,,,1,L,27,2,0.925926,0,BOS,0,57:46
2019030143,CAR,H,2020-08-15,20192020,0,0,,,1,L,38,2,0.947368,0,BOS,0,57:47
2019030141,CAR,R,2020-08-12,20192020,0,0,,,1,L,40,4,0.9,0,BOS,0,81:13
2019030032,CAR,H,2020-08-03,20192020,0,0,,,1,W,24,1,0.958333,0,NYR,0,60:00
2019030031,CAR,H,2020-08-01,20192020,0,0,,,1,W,26,2,0.923077,0,NYR,0,59:50
2020020846,CAR,R,2021-05-10,20202021,0,0,,,1,L,27,5,0.814815,0,NSH,0,60:00
2020020280,CAR,H,2021-05-06,20202021,0,0,,,1,O,27,2,0.925926,0,CHI,0,62:02
2020020827,CAR,H,2021-05-04,20202021,0,0,,,1,W,30,3,0.9,0,CHI,0,60:00
2020020706,CAR,R,2021-04-19,20202021,0,0,,,1,O,36,3,0.916667,0,TBL,0,62:50
2020020678,CAR,H,2021-04-15,20202021,0,0,,,1,W,20,1,0.95,0,NSH,0,59:29
2020020642,CAR,H,2021-04-10,20202021,0,0,,,1,O,28,4,0.857143,0,DET,0,65:00
2020020615,CAR,H,2021-04-06,20202021,0,0,,,1,W,36,2,0.944444,0,FLA,0,60:00
2020020598,CAR,H,2021-04-04,20202021,0,0,,,1,W,28,0,1.0,1,DAL,0,59:45
2020020128,CAR,H,2021-01-30,20202021,0,0,,,1,,0,0,0.0,0,DAL,0,2:47
2020020113,CAR,H,2021-01-28,20202021,0,0,,,1,W,32,0,1.0,1,TBL,0,61:12
2020020025,CAR,R,2021-01-16,20202021,0,0,,,1,L,20,3,0.85,0,DET,0,57:54
2020020010,CAR,R,2021-01-14,20202021,0,0,,,1,W,14,0,1.0,1,DET,0,60:00
2020030224,CAR,R,2021-06-05,20202021,0,0,,,1,L,26,6,0.769231,0,TBL,0,57:14
2020030223,CAR,R,2021-06-03,20202021,0,0,,,1,W,37,2,0.945946,0,TBL,0,65:57
2020020846,CAR,R,2021-05-10,20202021,0,0,,,1,L,27,5,0.814815,0,NSH,0,60:00
2020020280,CAR,H,2021-05-06,20202021,0,0,,,1,O,27,2,0.925926,0,CHI,0,62:02
2020020827,CAR,H,2021-05-04,20202021,0,0,,,1,W,30,3,0.9,0,CHI,0,60:00
2020020706,CAR,R,2021-04-19,20202021,0,0,,,1,O,36,3,0.916667,0,TBL,0,62:50
2020020678,CAR,H,2021-04-15,20202021,0,0,,,1,W,20,1,0.95,0,NSH,0,59:29
2020020642,CAR,H,2021-04-10,20202021,0,0,,,1,O,28,4,0.857143,0,DET,0,65:00
2020020615,CAR,H,2021-04-06,20202021,0,0,,,1,W,36,2,0.944444,0,FLA,0,60:00
2020020598,CAR,H,2021-04-04,20202021,0,0,,,1,W,28,0,1.0,1,DAL,0,59:45
2020020128,CAR,H,2021-01-30,20202021,0,0,,,1,,0,0,0.0,0,DAL,0,2:47
2020020113,CAR,H,2021-01-28,20202021,0,0,,,1,W,32,0,1.0,1,TBL,0,61:12
2020020025,CAR,R,2021-01-16,20202021,0,0,,,1,L,20,3,0.85,0,DET,0,57:54
2020020010,CAR,R,2021-01-14,20202021,0,0,,,1,W,14,0,1.0,1,DET,0,60:00
2020030224,CAR,R,2021-06-05,20202021,0,0,,,1,L,26,6,0.769231,0,TBL,0,57:14
2020030223,CAR,R,2021-06-03,20202021,0,0,,,1,W,37,2,0.945946,0,TBL,0,65:57
2021021059,TOR,R,2022-03-29,20212022,0,0,,,1,,4,1,0.75,0,BOS,0,7:44
2021021046,TOR,H,2022-03-27,20212022,0,0,,,1,W,36,2,0.944444,0,FLA,0,60:00
2021021015,TOR,H,2022-03-23,20212022,0,0,,,1,W,22,2,0.909091,0,NJD,0,60:00
2021020942,TOR,R,2022-03-13,20212022,0,0,,,1,L,37,4,0.891892,0,BUF,0,58:29
2021020917,TOR,H,2022-03-10,20212022,0,0,,,1,,12,4,0.666667,0,ARI,0,31:57
2021020901,TOR,R,2022-03-07,20212022,0,0,,,1,W,35,4,0.885714,0,CBJ,0,60:00
2021020860,TOR,H,2022-03-02,20212022,0,0,,,1,L,31,5,0.83871,0,BUF,0,60:00
2021020849,TOR,R,2022-02-28,20212022,0,0,,,1,W,33,3,0.909091,0,WSH,0,60:00
2021021275,TOR,R,2022-02-26,20212022,0,0,,,0,W,8,2,0.75,0,DET,0,15:18
2021020815,TOR,H,2022-02-24,20212022,0,0,,,1,W,30,1,0.966667,0,MIN,0,59:38
2021020601,TOR,R,2022-02-21,20212022,0,0,,,1,L,24,5,0.791667,0,MTL,0,60:00
2021020479,TOR,R,2022-02-12,20212022,0,0,,,1,L,24,3,0.875,0,VAN,0,58:31
2021020583,TOR,H,2022-02-07,20212022,0,0,,,1,W,31,3,0.903226,0,CAR,0,62:38
2021020683,TOR,H,2022-01-31,20212022,0,0,,,0,W,20,1,0.95,0,NJD,0,50:49
2021020774,TOR,R,2022-01-29,20212022,0,0,,,1,W,35,4,0.885714,0,DET,0,59:51
2021021211,TOR,R,2022-01-22,20212022,0,0,,,1,W,28,1,0.964286,0,NYI,0,59:47
2021020649,TOR,R,2022-01-12,20212022,0,0,,,1,L,18,2,0.888889,0,ARI,0,57:25
2021020420,TOR,H,2021-12-11,20212022,0,0,,,1,W,35,4,0.885714,0,CHI,0,60:00
2021020118,TOR,H,2021-10-30,20212022,0,0,,,1,W,31,4,0.870968,0,DET,0,60:00
2021020008,TOR,R,2021-10-14,20212022,0,0,,,1,L,26,3,0.884615,0,OTT,0,40:00
2022021286,CHI,R,2023-04-11,20222023,0,0,,,1,W,40,2,0.95,0,PIT,0,60:00
2022021271,CHI,R,2023-04-08,20222023,0,0,,,1,L,31,7,0.774194,0,SEA,0,60:00
2022021236,CHI,R,2023-04-04,20222023,0,0,,,1,W,36,3,0.916667,0,CGY,0,60:00
2022021196,CHI,H,2023-03-30,20222023,0,0,,,1,L,28,4,0.857143,0,STL,0,57:31
2022021182,CHI,H,2023-03-28,20222023,0,0,,,0,,3,0,1.0,0,DAL,0,3:37
2022021168,CHI,H,2023-03-26,20222023,0,0,,,1,L,30,3,0.9,0,VAN,0,58:22
2022021070,CHI,H,2023-03-14,20222023,0,0,,,1,,16,0,1.0,0,BOS,0,28:48
2022021042,CHI,R,2023-03-11,20222023,0,0,,,1,L,36,2,0.944444,0,TBL,0,59:20
2022021036,CHI,R,2023-03-10,20222023,0,0,,,1,O,43,4,0.906977,0,FLA,0,60:36
2022020998,CHI,H,2023-03-04,20222023,0,0,,,1,L,24,2,0.916667,0,NSH,0,58:28
2022020979,CHI,H,2023-03-02,20222023,0,0,,,1,L,34,3,0.911765,0,DAL,0,58:15
2022020957,CHI,R,2023-02-27,20222023,0,0,,,1,L,33,4,0.878788,0,ANA,0,58:34
2022020946,CHI,R,2023-02-25,20222023,0,1,,,1,W,48,3,0.9375,0,SJS,0,65:00
2022020915,CHI,H,2023-02-21,20222023,0,0,,,1,W,36,2,0.944444,0,VGK,0,63:43
2022020878,CHI,R,2023-02-17,20222023,0,0,,,1,W,31,3,0.903226,0,OTT,0,62:52
2022020864,CHI,R,2023-02-15,20222023,0,0,,,1,L,42,5,0.880952,0,TOR,0,60:00
2022020844,CHI,R,2023-02-11,20222023,0,0,,,1,L,27,3,0.888889,0,WPG,0,56:37
2022020818,CHI,H,2023-02-07,20222023,0,0,,,1,O,26,3,0.884615,0,ANA,0,62:15
2022020797,CHI,R,2023-01-28,20222023,0,0,,,1,L,43,7,0.837209,0,EDM,0,60:00
2022020765,CHI,R,2023-01-24,20222023,0,0,,,1,L,47,4,0.914894,0,VAN,0,58:09
2022020747,CHI,H,2023-01-22,20222023,0,0,,,1,L,27,2,0.925926,0,LAK,0,58:04
2022020719,CHI,R,2023-01-19,20222023,0,0,,,1,W,38,1,0.973684,0,PHI,0,60:00
2022020709,CHI,H,2023-01-17,20222023,0,0,,,1,W,33,3,0.909091,0,BUF,0,61:43
2022020687,CHI,H,2023-01-14,20222023,0,0,,,1,,5,4,0.2,0,SEA,0,12:08
2022020671,CHI,H,2023-01-12,20222023,0,1,,,1,W,33,2,0.939394,0,COL,0,60:00
2022020593,CHI,H,2023-01-01,20222023,0,0,,,1,L,28,5,0.821429,0,SJS,0,59:37
2022020548,CHI,R,2022-12-27,20222023,0,0,,,1,L,49,3,0.938776,0,CAR,0,60:00
2022020521,CHI,H,2022-12-21,20222023,0,0,,,1,L,37,4,0.891892,0,NSH,2,58:28
2022020481,CHI,R,2022-12-16,20222023,0,0,,,1,L,21,3,0.857143,0,MIN,0,59:41
2022020463,CHI,H,2022-12-13,20222023,0,0,,,1,L,30,7,0.766667,0,WSH,0,60:00
2022020387,CHI,R,2022-12-03,20222023,0,0,,,1,W,22,1,0.954545,0,NYR,2,40:00
2022020342,CHI,H,2022-11-27,20222023,0,0,,,1,L,44,7,0.840909,0,WPG,0,59:42
2022020313,CHI,R,2022-11-23,20222023,0,0,,,1,L,38,5,0.868421,0,DAL,0,59:05
2022020277,CHI,R,2022-11-19,20222023,0,0,,,1,L,43,6,0.860465,0,BOS,0,60:00
2022020245,CHI,H,2022-11-14,20222023,0,0,,,1,L,32,3,0.90625,0,CAR,0,60:00
2022020220,CHI,R,2022-11-10,20222023,0,0,,,1,O,35,2,0.942857,0,LAK,0,64:58
2022020072,CHI,H,2022-10-21,20222023,0,0,,,1,,18,3,0.833333,0,DET,0,39:37
2022020038,CHI,R,2022-10-15,20222023,0,0,,,1,W,26,2,0.923077,0,SJS,0,60:00
2022020008,CHI,R,2022-10-12,20222023,0,0,,,1,L,35,5,0.857143,0,COL,0,60:00
2023021301,CHI,R,2024-04-16,20232024,0,0,,,1,L,36,2,0.944444,0,VGK,0,59:24
2023021285,CHI,H,2024-04-14,20232024,0,0,,,1,L,33,3,0.939394,0,CAR,0,59:40
2023021252,CHI,R,2024-04-10,20232024,0,0,,,1,L,3,3,0.0,0,STL,0,4:37
2023021220,CHI,H,2024-04-06,20232024,0,0,,,1,W,44,2,0.954545,0,DAL,0,60:00
2023021192,CHI,R,2024-04-02,20232024,0,0,,,1,L,29,2,0.931034,0,NYI,0,57:56
2023021153,CHI,R,2024-03-28,20232024,0,0,,,1,L,34,2,0.941176,0,OTT,0,57:31
2023021143,CHI,H,2024-03-26,20232024,0,0,,,1,W,39,1,0.974359,0,CGY,0,60:00
2023021122,CHI,R,2024-03-23,20232024,0,0,,,1,W,30,4,0.866667,0,SJS,0,59:23
2023021092,CHI,R,2024-03-19,20232024,0,0,,,1,L,24,6,0.75,0,LAK,0,60:00
2023021076,CHI,H,2024-03-17,20232024,0,0,,,1,W,27,2,0.925926,0,SJS,0,60:00
2023021058,CHI,H,2024-03-15,20232024,0,0,,,0,,23,1,0.956522,0,LAK,2,45:41
2023021038,CHI,H,2024-03-12,20232024,0,0,,,1,W,29,2,0.931034,0,ANA,12,59:50
2023021017,CHI,R,2024-03-09,20232024,0,0,,,1,L,26,4,0.846154,0,WSH,0,60:00
2023020979,CHI,R,2024-03-04,20232024,0,0,,,1,L,37,5,0.864865,0,COL,0,59:49
2023020949,CHI,H,2024-02-29,20232024,0,0,,,1,L,33,5,0.848485,0,COL,0,60:00
2023020920,CHI,H,2024-02-25,20232024,0,0,,,1,O,31,3,0.903226,0,DET,0,61:43
2023020901,CHI,H,2024-02-23,20232024,0,0,,,1,O,31,3,0.903226,0,WPG,0,59:00
2023020874,CHI,R,2024-02-19,20232024,0,0,,,1,L,41,5,0.878049,0,CAR,0,59:22
2023020851,CHI,H,2024-02-17,20232024,0,0,,,1,W,42,2,0.952381,0,OTT,0,59:54
2023020832,CHI,H,2024-02-13,20232024,0,0,,,1,L,38,4,0.894737,0,VAN,0,57:43
2023020802,CHI,H,2024-02-09,20232024,0,0,,,1,O,35,4,0.885714,0,NYR,0,61:53
2023020793,CHI,H,2024-02-07,20232024,0,0,,,1,L,25,2,0.92,0,MIN,0,57:33
2023020771,CHI,R,2024-01-27,20232024,0,0,,,1,L,31,1,0.967742,0,CGY,0,57:42
2023020754,CHI,R,2024-01-25,20232024,0,0,,,1,L,33,2,0.939394,0,EDM,0,59:15
2023020728,CHI,R,2024-01-22,20232024,0,0,,,1,L,29,2,0.931034,0,VAN,0,58:11
2023020705,CHI,H,2024-01-19,20232024,0,0,,,1,W,30,3,0.9,0,NYI,0,60:22
2023020686,CHI,H,2024-01-16,20232024,0,0,,,1,W,38,1,0.973684,0,SJS,0,65:00
2023020664,CHI,H,2024-01-13,20232024,0,0,,,1,L,29,2,0.931034,0,DAL,0,58:11
2023020648,CHI,R,2024-01-11,20232024,0,0,,,1,L,28,2,0.928571,0,WPG,0,59:08
2023020632,CHI,H,2024-01-09,20232024,0,0,,,1,L,15,2,0.866667,0,EDM,0,57:40
2023020617,CHI,H,2024-01-07,20232024,0,0,,,1,W,30,3,0.9,0,CGY,0,59:57
2023020591,CHI,R,2024-01-04,20232024,0,0,,,1,L,32,4,0.875,0,NYR,0,60:00
2023020572,CHI,R,2023-12-31,20232024,0,0,,,1,L,31,6,0.806452,0,DAL,0,44:46
2023020551,CHI,R,2023-12-29,20232024,0,0,,,1,O,35,5,0.857143,0,DAL,0,64:52
2023020538,CHI,H,2023-12-27,20232024,0,0,,,1,W,38,1,0.973684,0,WPG,0,62:15
2023020513,CHI,H,2023-12-22,20232024,0,0,,,1,L,27,4,0.851852,0,MTL,0,57:59
2023020492,CHI,H,2023-12-19,20232024,0,0,,,1,W,37,2,0.945946,0,COL,0,59:52
2023020474,CHI,H,2023-12-17,20232024,0,0,,,1,L,27,4,0.851852,0,VAN,0,58:00
2023020453,CHI,R,2023-12-14,20232024,0,0,,,0,,5,0,1.0,0,SEA,0,16:32
2023020437,CHI,R,2023-12-12,20232024,0,0,,,1,L,29,4,0.862069,0,EDM,0,60:00
2023020416,CHI,H,2023-12-09,20232024,0,0,,,1,W,39,1,0.974359,0,STL,0,60:00
2023020399,CHI,H,2023-12-07,20232024,0,0,,,1,W,37,0,1.0,1,ANA,0,59:53
2023020369,CHI,R,2023-12-03,20232024,0,0,,,1,L,34,4,0.882353,0,MIN,0,59:47
2023020342,CHI,R,2023-11-30,20232024,0,0,,,1,L,29,5,0.827586,0,DET,0,59:42
2023020333,CHI,H,2023-11-28,20232024,0,0,,,1,W,36,3,0.916667,0,SEA,0,59:53
2023020280,CHI,R,2023-11-22,20232024,0,0,,,1,L,18,5,0.722222,0,CBJ,0,32:16
2023020270,CHI,H,2023-11-19,20232024,0,0,,,1,L,20,3,0.85,0,BUF,0,57:47
2023020246,CHI,H,2023-11-16,20232024,0,0,,,1,L,31,3,0.903226,0,TBL,0,58:45
2023020198,CHI,R,2023-11-09,20232024,0,0,,,1,W,33,3,0.909091,0,TBL,0,59:34
2023020168,CHI,H,2023-11-04,20232024,0,0,,,1,W,40,2,0.95,0,FLA,0,60:00
2023020137,CHI,R,2023-10-30,20232024,0,0,,,0,,11,1,0.909091,0,ARI,0,24:34
2023020111,CHI,R,2023-10-27,20232024,0,0,,,1,W,21,3,0.857143,0,VGK,0,62:16
2023020092,CHI,H,2023-10-24,20232024,0,0,,,1,L,43,3,0.930233,0,BOS,0,59:26
2023020061,CHI,R,2023-10-19,20232024,0,0,,,1,L,41,4,0.902439,0,COL,0,60:00
2023020024,CHI,R,2023-10-14,20232024,0,0,,,1,L,36,3,0.916667,0,MTL,0,58:06
2023020002,CHI,R,2023-10-10,20232024,0,0,,,1,W,41,2,0.95122,0,PIT,0,60:00
2024021128,DET,R,2025-03-24,20242025,0,0,,,1,,1,0,1.0,0,UTA,0,1:38
2024021081,DET,R,2025-03-18,20242025,0,0,,,1,L,26,4,0.846154,0,WSH,0,60:00
2024021066,DET,H,2025-03-16,20242025,0,0,,,1,W,18,0,1.0,1,VGK,0,60:00
2024021049,DET,R,2025-03-14,20242025,0,0,,,1,L,31,3,0.903226,0,CAR,0,58:57
2024021036,DET,H,2025-03-12,20242025,0,0,,,1,W,26,3,0.884615,0,BUF,0,60:00
2024020943,CHI,R,2025-02-27,20242025,0,0,,,1,,15,5,0.666667,0,VGK,0,20:00
2024020902,CHI,R,2025-02-22,20242025,0,0,,,1,L,21,5,0.761905,0,CBJ,0,59:43
2024020873,CHI,H,2025-02-07,20242025,0,0,,,1,W,33,2,0.939394,0,NSH,0,60:00
2024020826,CHI,R,2025-02-01,20242025,0,0,,,1,L,44,5,0.886364,0,FLA,0,60:00
2024020792,CHI,H,2025-01-26,20242025,0,0,,,1,L,27,3,0.888889,0,MIN,0,58:22
2024020746,CHI,H,2025-01-20,20242025,0,0,,,1,O,48,4,0.916667,0,CAR,0,60:46
2024020732,CHI,H,2025-01-18,20242025,0,0,,,1,W,35,3,0.914286,0,VGK,0,60:00
2024020690,CHI,H,2025-01-13,20242025,0,0,,,1,L,36,5,0.861111,0,CGY,0,60:00
2024020664,CHI,R,2025-01-10,20242025,0,0,,,1,L,27,4,0.851852,0,DET,0,58:34
2024020651,CHI,H,2025-01-08,20242025,0,0,,,1,W,36,1,0.972222,0,COL,0,59:45
2024020592,CHI,H,2024-12-31,20242025,0,0,,,1,L,28,6,0.785714,0,STL,0,60:00
2024020558,CHI,R,2024-12-27,20242025,0,0,,,1,L,11,4,0.636364,0,BUF,0,20:00
2024020529,CHI,R,2024-12-21,20242025,0,0,,,1,L,29,5,0.827586,0,CGY,0,57:29
2024020427,CHI,H,2024-12-07,20242025,0,0,,,1,,4,0,1.0,0,WPG,0,10:46
2024020407,CHI,H,2024-12-04,20242025,0,0,,,1,L,27,4,0.851852,0,BOS,0,60:00
2024020390,CHI,H,2024-12-01,20242025,0,0,,,1,L,35,5,0.857143,0,CBJ,0,59:10
2024020363,CHI,R,2024-11-29,20242025,0,0,,,1,L,29,3,0.896552,0,MIN,0,58:31
2024020357,CHI,H,2024-11-27,20242025,0,0,,,1,W,27,2,0.925926,0,DAL,0,60:00
2024020318,CHI,R,2024-11-23,20242025,0,0,,,1,O,37,3,0.918919,0,PHI,0,61:02
2024020313,CHI,H,2024-11-21,20242025,0,0,,,1,W,33,1,0.969697,0,FLA,0,60:00
2024020266,CHI,R,2024-11-14,20242025,0,0,,,1,L,25,2,0.92,0,SEA,0,58:41
2024020237,CHI,H,2024-11-10,20242025,0,0,,,1,W,33,1,0.969697,0,MIN,0,61:50
2024020206,CHI,H,2024-11-06,20242025,0,0,,,1,L,24,3,0.875,0,DET,0,59:42
2024020176,CHI,R,2024-11-02,20242025,0,0,,,1,W,40,3,0.925,0,LAK,0,63:28
2024020167,CHI,R,2024-10-31,20242025,0,0,,,1,L,29,3,0.896552,0,SJS,0,58:41
2024020144,CHI,R,2024-10-28,20242025,0,0,,,1,W,26,2,0.923077,0,COL,0,60:00
2024020132,CHI,R,2024-10-26,20242025,0,0,,,1,L,29,3,0.896552,0,DAL,0,58:23
2024020120,CHI,H,2024-10-25,20242025,0,0,,,1,L,34,3,0.911765,0,NSH,0,57:59
2024020100,CHI,H,2024-10-22,20242025,0,0,,,1,L,30,6,0.8,0,VAN,0,59:43
2024020070,CHI,H,2024-10-17,20242025,0,0,,,1,W,22,2,0.909091,0,SJS,0,59:56
2024020055,CHI,R,2024-10-15,20242025,0,0,,,1,L,26,2,0.923077,0,CGY,0,58:19
2024020036,CHI,R,2024-10-12,20242025,0,0,,,1,W,38,2,0.947368,0,EDM,0,60:00
2024020005,CHI,R,2024-10-08,20242025,0,0,,,1,L,26,4,0.846154,0,UTA,0,58:42
2024021128,DET,R,2025-03-24,20242025,0,0,,,1,,1,0,1.0,0,UTA,0,1:38
2024021081,DET,R,2025-03-18,20242025,0,0,,,1,L,26,4,0.846154,0,WSH,0,60:00
2024021066,DET,H,2025-03-16,20242025,0,0,,,1,W,18,0,1.0,1,VGK,0,60:00
2024021049,DET,R,2025-03-14,20242025,0,0,,,1,L,31,3,0.903226,0,CAR,0,58:57
2024021036,DET,H,2025-03-12,20242025,0,0,,,1,W,26,3,0.884615,0,BUF,0,60:00
2024020943,CHI,R,2025-02-27,20242025,0,0,,,1,,15,5,0.666667,0,VGK,0,20:00
2024020902,CHI,R,2025-02-22,20242025,0,0,,,1,L,21,5,0.761905,0,CBJ,0,59:43
2024020873,CHI,H,2025-02-07,20242025,0,0,,,1,W,33,2,0.939394,0,NSH,0,60:00
2024020826,CHI,R,2025-02-01,20242025,0,0,,,1,L,44,5,0.886364,0,FLA,0,60:00
2024020792,CHI,H,2025-01-26,20242025,0,0,,,1,L,27,3,0.888889,0,MIN,0,58:22
2024020746,CHI,H,2025-01-20,20242025,0,0,,,1,O,48,4,0.916667,0,CAR,0,60:46
2024020732,CHI,H,2025-01-18,20242025,0,0,,,1,W,35,3,0.914286,0,VGK,0,60:00
2024020690,CHI,H,2025-01-13,20242025,0,0,,,1,L,36,5,0.861111,0,CGY,0,60:00
2024020664,CHI,R,2025-01-10,20242025,0,0,,,1,L,27,4,0.851852,0,DET,0,58:34
2024020651,CHI,H,2025-01-08,20242025,0,0,,,1,W,36,1,0.972222,0,COL,0,59:45
2024020592,CHI,H,2024-12-31,20242025,0,0,,,1,L,28,6,0.785714,0,STL,0,60:00
2024020558,CHI,R,2024-12-27,20242025,0,0,,,1,L,11,4,0.636364,0,BUF,0,20:00
2024020529,CHI,R,2024-12-21,20242025,0,0,,,1,L,29,5,0.827586,0,CGY,0,57:29
2024020427,CHI,H,2024-12-07,20242025,0,0,,,1,,4,0,1.0,0,WPG,0,10:46
2024020407,CHI,H,2024-12-04,20242025,0,0,,,1,L,27,4,0.851852,0,BOS,0,60:00
2024020390,CHI,H,2024-12-01,20242025,0,0,,,1,L,35,5,0.857143,0,CBJ,0,59:10
2024020363,CHI,R,2024-11-29,20242025,0,0,,,1,L,29,3,0.896552,0,MIN,0,58:31
2024020357,CHI,H,2024-11-27,20242025,0,0,,,1,W,27,2,0.925926,0,DAL,0,60:00
2024020318,CHI,R,2024-11-23,20242025,0,0,,,1,O,37,3,0.918919,0,PHI,0,61:02
2024020313,CHI,H,2024-11-21,20242025,0,0,,,1,W,33,1,0.969697,0,FLA,0,60:00
2024020266,CHI,R,2024-11-14,20242025,0,0,,,1,L,25,2,0.92,0,SEA,0,58:41
2024020237,CHI,H,2024-11-10,20242025,0,0,,,1,W,33,1,0.969697,0,MIN,0,61:50
2024020206,CHI,H,2024-11-06,20242025,0,0,,,1,L,24,3,0.875,0,DET,0,59:42
2024020176,CHI,R,2024-11-02,20242025,0,0,,,1,W,40,3,0.925,0,LAK,0,63:28
2024020167,CHI,R,2024-10-31,20242025,0,0,,,1,L,29,3,0.896552,0,SJS,0,58:41
2024020144,CHI,R,2024-10-28,20242025,0,0,,,1,W,26,2,0.923077,0,COL,0,60:00
2024020132,CHI,R,2024-10-26,20242025,0,0,,,1,L,29,3,0.896552,0,DAL,0,58:23
2024020120,CHI,H,2024-10-25,20242025,0,0,,,1,L,34,3,0.911765,0,NSH,0,57:59
2024020100,CHI,H,2024-10-22,20242025,0,0,,,1,L,30,6,0.8,0,VAN,0,59:43
2024020070,CHI,H,2024-10-17,20242025,0,0,,,1,W,22,2,0.909091,0,SJS,0,59:56
2024020055,CHI,R,2024-10-15,20242025,0,0,,,1,L,26,2,0.923077,0,CGY,0,58:19
2024020036,CHI,R,2024-10-12,20242025,0,0,,,1,W,38,2,0.947368,0,EDM,0,60:00
2024020005,CHI,R,2024-10-08,20242025,0,0,,,1,L,26,4,0.846154,0,UTA,0,58:42
2025020548,ANA,H,2025-12-19,20252026,0,0,,,0,,18,4,0.777778,0,DAL,0,45:41
2025020403,ANA,R,2025-11-30,20252026,0,0,,,1,,16,3,0.8125,0,CHI,0,48:27
2025020374,ANA,H,2025-11-26,20252026,0,0,,,1,L,27,4,0.851852,0,VAN,0,58:13
2025020329,ANA,H,2025-11-20,20252026,0,0,,,1,L,25,3,0.88,0,OTT,0,57:26
2025020284,ANA,R,2025-11-15,20252026,0,0,,,1,L,29,1,0.965517,0,MIN,0,58:05
2025020242,ANA,R,2025-11-08,20252026,0,0,,,1,W,39,3,0.923077,0,VGK,0,64:28
2025020111,ANA,R,2025-10-23,20252026,0,0,,,1,W,42,5,0.880952,0,BOS,0,59:48
2025020036,ANA,R,2025-10-11,20252026,0,0,,,1,W,23,6,0.73913,0,SJS,0,59:49
