id,gameId,playerId,detailCode,duration,startTime,endTime,period,shiftNumber,teamAbbrev,timeInPeriod,typeDescKey,stoppage_reason_one,stoppage_reason_two
11053104,2021020001,8470604,0,00:32,00:00,00:32,1,1,PIT,,,,
11053105,2021020001,8470604,0,00:42,02:30,03:12,1,2,PIT,,,,
11053106,2021020001,8470604,0,00:39,04:39,05:18,1,3,PIT,,,,
11053191,2021020001,8470604,0,00:43,06:48,07:31,1,4,PIT,,,,
11053192,2021020001,8470604,0,00:50,09:33,10:23,1,5,PIT,,,,
11053193,2021020001,8470604,0,00:52,12:04,12:56,1,6,PIT,12:56,stoppage,offside,
11053194,2021020001,8470604,0,00:55,15:20,16:15,1,7,PIT,,,,
11053195,2021020001,8470604,0,01:09,18:51,20:00,1,8,PIT,,,,
11053196,2021020001,8470604,0,00:46,00:00,00:46,2,9,PIT,,,,
11053197,2021020001,8470604,0,00:40,03:13,03:53,2,10,PIT,,,,
11053198,2021020001,8470604,0,00:33,05:24,05:57,2,11,PIT,,,,
11053199,2021020001,8470604,0,01:00,08:22,09:22,2,12,PIT,,,,
11053200,2021020001,8470604,0,00:15,12:41,12:56,2,13,PIT,,,,
11053201,2021020001,8470604,0,00:27,15:02,15:29,2,14,PIT,,,,
11053202,2021020001,8470604,0,01:21,16:09,17:30,2,15,PIT,,,,
11053203,2021020001,8470604,0,00:39,19:21,20:00,2,16,PIT,,,,
11053204,2021020001,8470604,0,00:58,00:00,00:58,3,17,PIT,,,,
11053205,2021020001,8470604,0,00:38,02:27,03:05,3,18,PIT,03:05,stoppage,offside,
11053206,2021020001,8470604,0,01:05,04:15,05:20,3,19,PIT,,,,
11053207,2021020001,8470604,0,00:46,06:52,07:38,3,20,PIT,,,,
11053208,2021020001,8470604,0,00:42,09:05,09:47,3,21,PIT,,,,
11053757,2021020001,8470604,0,00:14,11:32,11:46,3,22,PIT,11:46,stoppage,goalie-stopped-after-sog,tv-timeout
11053758,2021020001,8470604,0,00:47,12:27,13:14,3,23,PIT,,,,
11053759,2021020001,8470604,0,00:30,13:48,14:18,3,24,PIT,14:18,stoppage,goalie-stopped-after-sog,
11053760,2021020001,8470604,0,00:47,14:53,15:40,3,25,PIT,,,,
11053761,2021020001,8470604,0,00:31,16:18,16:49,3,26,PIT,16:49,goal,reason,
11053762,2021020001,8470604,0,00:36,17:35,18:11,3,27,PIT,18:11,goal,reason,
11053107,2021020001,8470619,0,00:45,01:45,02:30,1,1,PIT,,,,
11053209,2021020001,8470619,0,00:46,05:18,06:04,1,2,PIT,06:04,stoppage,goalie-stopped-after-sog,tv-timeout
11053210,2021020001,8470619,0,00:28,09:05,09:33,1,3,PIT,09:33,stoppage,icing,
11053211,2021020001,8470619,0,00:47,13:53,14:40,1,4,PIT,,,,
11053212,2021020001,8470619,0,01:02,16:57,17:59,1,5,PIT,17:59,stoppage,offside,
11053189,2021020001,8470619,803,,04:11,04:11,2,0,PIT,04:11,goal,reason,
11053213,2021020001,8470619,0,00:21,02:52,03:13,2,6,PIT,03:13,stoppage,puck-in-netting,
11053214,2021020001,8470619,0,00:18,03:53,04:11,2,7,PIT,04:11,goal,reason,
11053215,2021020001,8470619,0,00:29,07:53,08:22,2,8,PIT,,,,
11053216,2021020001,8470619,0,01:07,11:34,12:41,2,9,PIT,,,,
11053217,2021020001,8470619,0,00:29,13:27,13:56,2,10,PIT,,,,
11053218,2021020001,8470619,0,00:43,14:19,15:02,2,11,PIT,15:02,stoppage,goalie-stopped-after-sog,tv-timeout
11053219,2021020001,8470619,0,00:20,03:05,03:25,3,12,PIT,03:25,stoppage,goalie-stopped-after-sog,
11053220,2021020001,8470619,0,00:41,09:47,10:28,3,13,PIT,10:28,stoppage,icing,
11053763,2021020001,8470619,0,00:07,11:46,11:53,3,14,PIT,,,,
11053764,2021020001,8470619,0,00:05,14:18,14:23,3,15,PIT,14:23,goal,reason,
11053765,2021020001,8470619,0,00:53,18:11,19:04,3,16,PIT,19:04,stoppage,hand-pass,
11053108,2021020001,8470621,0,00:41,01:03,01:44,1,1,TBL,,,,
11053221,2021020001,8470621,0,01:25,05:22,06:47,1,2,TBL,,,,
11053222,2021020001,8470621,0,00:42,10:28,11:10,1,3,TBL,,,,
11053223,2021020001,8470621,0,00:51,13:50,14:41,1,4,TBL,,,,
11053224,2021020001,8470621,0,00:47,16:59,17:46,1,5,TBL,,,,
11053225,2021020001,8470621,0,00:48,04:11,04:59,2,6,TBL,,,,
11053226,2021020001,8470621,0,00:22,07:31,07:53,2,7,TBL,07:53,stoppage,hand-pass,
11053227,2021020001,8470621,0,01:09,11:30,12:39,2,8,TBL,,,,
11053228,2021020001,8470621,0,00:27,13:58,14:25,2,9,TBL,14:25,stoppage,puck-in-benches,
11053229,2021020001,8470621,0,00:04,16:05,16:09,2,10,TBL,,,,
11053230,2021020001,8470621,0,00:37,19:23,20:00,2,11,TBL,,,,
11053231,2021020001,8470621,0,00:15,01:38,01:53,3,12,TBL,01:53,stoppage,goalie-stopped-after-sog,
11053232,2021020001,8470621,0,00:47,03:25,04:12,3,13,TBL,,,,
11053233,2021020001,8470621,0,00:25,06:55,07:20,3,14,TBL,,,,
11053234,2021020001,8470621,0,00:22,11:10,11:32,3,15,TBL,11:32,goal,reason,
11053766,2021020001,8470621,0,00:32,12:39,13:11,3,16,TBL,,,,
11053767,2021020001,8470621,0,00:59,14:53,15:52,3,17,TBL,,,,
11053768,2021020001,8470621,0,00:31,17:04,17:35,3,18,TBL,17:35,goal,reason,
11053769,2021020001,8470621,0,00:56,19:04,20:00,3,19,TBL,,,,
11053109,2021020001,8471724,0,00:26,00:00,00:26,1,1,PIT,,,,
11053110,2021020001,8471724,0,00:41,01:03,01:44,1,2,PIT,,,,
11053111,2021020001,8471724,0,00:50,02:22,03:12,1,3,PIT,,,,
11053112,2021020001,8471724,0,00:18,04:08,04:26,1,4,PIT,,,,
11053235,2021020001,8471724,0,00:46,05:18,06:04,1,5,PIT,06:04,stoppage,goalie-stopped-after-sog,tv-timeout
11053236,2021020001,8471724,0,00:55,06:42,07:37,1,6,PIT,07:37,stoppage,icing,
11053237,2021020001,8471724,0,01:10,09:20,10:30,1,7,PIT,,,,
11053238,2021020001,8471724,0,00:24,12:04,12:28,1,8,PIT,,,,
11053239,2021020001,8471724,0,00:13,12:43,12:56,1,9,PIT,12:56,stoppage,offside,
11053240,2021020001,8471724,0,01:36,14:45,16:21,1,10,PIT,,,,
11053241,2021020001,8471724,0,01:40,17:59,19:39,1,11,PIT,19:39,stoppage,goalie-stopped-after-sog,
11053242,2021020001,8471724,0,00:46,00:00,00:46,2,12,PIT,,,,
11053243,2021020001,8471724,0,01:09,01:53,03:02,2,13,PIT,,,,
11053244,2021020001,8471724,0,00:47,04:11,04:58,2,14,PIT,,,,
11053245,2021020001,8471724,0,01:08,07:31,08:39,2,15,PIT,,,,
11053246,2021020001,8471724,0,01:01,10:33,11:34,2,16,PIT,,,,
11053247,2021020001,8471724,0,00:29,13:27,13:56,2,17,PIT,,,,
11053248,2021020001,8471724,0,00:55,15:02,15:57,2,18,PIT,,,,
11053249,2021020001,8471724,0,01:33,16:09,17:42,2,19,PIT,,,,
11053250,2021020001,8471724,0,00:39,19:21,20:00,2,20,PIT,,,,
11053251,2021020001,8471724,0,00:58,00:00,00:58,3,21,PIT,,,,
11053252,2021020001,8471724,0,01:07,03:03,04:10,3,22,PIT,,,,
11053253,2021020001,8471724,0,01:32,05:20,06:52,3,23,PIT,,,,
11053254,2021020001,8471724,0,00:24,08:41,09:05,3,24,PIT,,,,
11053770,2021020001,8471724,0,00:49,11:04,11:53,3,25,PIT,,,,
11053771,2021020001,8471724,0,00:47,12:27,13:14,3,26,PIT,,,,
11053772,2021020001,8471724,0,01:05,13:48,14:53,3,27,PIT,14:53,goal,reason,
11053773,2021020001,8471724,0,00:59,15:50,16:49,3,28,PIT,16:49,goal,reason,
11053774,2021020001,8471724,0,00:09,18:02,18:11,3,29,PIT,18:11,goal,reason,
11053113,2021020001,8473986,0,00:34,00:29,01:03,1,1,TBL,01:03,stoppage,goalie-stopped-after-sog,
11053114,2021020001,8473986,0,00:54,04:25,05:19,1,2,TBL,,,,
11053255,2021020001,8473986,0,01:24,06:59,08:23,1,3,TBL,,,,
11053256,2021020001,8473986,0,00:56,11:10,12:06,1,4,TBL,12:06,stoppage,icing,
11053257,2021020001,8473986,0,00:39,14:41,15:20,1,5,TBL,15:20,stoppage,puck-in-benches,tv-timeout
11053258,2021020001,8473986,0,01:05,17:46,18:51,1,6,TBL,,,,
11053259,2021020001,8473986,0,00:21,19:39,20:00,1,7,TBL,,,,
11053260,2021020001,8473986,0,02:23,00:12,02:35,2,8,TBL,,,,
11053261,2021020001,8473986,0,00:56,03:13,04:09,2,9,TBL,,,,
11053262,2021020001,8473986,0,00:44,08:42,09:26,2,10,TBL,,,,
11053263,2021020001,8473986,0,01:19,12:39,13:58,2,11,TBL,,,,
11053264,2021020001,8473986,0,00:37,14:25,15:02,2,12,TBL,15:02,stoppage,goalie-stopped-after-sog,tv-timeout
11053265,2021020001,8473986,0,00:39,16:09,16:48,2,13,TBL,,,,
11053266,2021020001,8473986,0,00:51,17:33,18:24,2,14,TBL,,,,
11053750,2021020001,8473986,802,,16:49,16:49,3,0,TBL,16:49,goal,reason,
11053267,2021020001,8473986,0,00:57,00:00,00:57,3,15,TBL,,,,
11053268,2021020001,8473986,0,00:20,03:05,03:25,3,16,TBL,03:25,stoppage,goalie-stopped-after-sog,
11053269,2021020001,8473986,0,01:16,05:39,06:55,3,17,TBL,,,,
11053270,2021020001,8473986,0,01:16,09:27,10:43,3,18,TBL,,,,
11053775,2021020001,8473986,0,00:35,13:48,14:23,3,19,TBL,14:23,goal,reason,
11053776,2021020001,8473986,0,00:57,15:52,16:49,3,20,TBL,16:49,goal,reason,
11053777,2021020001,8473986,0,00:36,17:35,18:11,3,21,TBL,18:11,goal,reason,
11053115,2021020001,8474034,0,00:48,01:44,02:32,1,1,TBL,02:32,stoppage,icing,
11053116,2021020001,8474034,0,00:03,05:19,05:22,1,2,TBL,05:22,stoppage,goalie-stopped-after-sog,
11053271,2021020001,8474034,0,01:19,09:09,10:28,1,3,TBL,,,,
11053272,2021020001,8474034,0,00:54,12:56,13:50,1,4,TBL,,,,
11053273,2021020001,8474034,0,00:49,16:10,16:59,1,5,TBL,,,,
11053274,2021020001,8474034,0,00:38,02:35,03:13,2,6,TBL,03:13,stoppage,puck-in-netting,
11053275,2021020001,8474034,0,01:12,06:19,07:31,2,7,TBL,07:31,stoppage,goalie-stopped-after-sog,tv-timeout
11053276,2021020001,8474034,0,00:11,08:31,08:42,2,8,TBL,08:42,stoppage,goalie-stopped-after-sog,
11053277,2021020001,8474034,0,01:02,09:26,10:28,2,9,TBL,10:28,stoppage,icing,
11053278,2021020001,8474034,0,00:27,13:58,14:25,2,10,TBL,14:25,stoppage,puck-in-benches,
11053279,2021020001,8474034,0,00:04,16:05,16:09,2,11,TBL,,,,
11053280,2021020001,8474034,0,00:24,18:09,18:33,2,12,TBL,,,,
11053281,2021020001,8474034,0,00:21,02:44,03:05,3,13,TBL,03:05,stoppage,offside,
11053282,2021020001,8474034,0,00:45,04:12,04:57,3,14,TBL,,,,
11053283,2021020001,8474034,0,01:09,07:20,08:29,3,15,TBL,,,,
11053778,2021020001,8474034,0,00:55,11:32,12:27,3,16,TBL,12:27,stoppage,puck-in-netting,
11053779,2021020001,8474034,0,00:46,16:49,17:35,3,17,TBL,17:35,goal,reason,
11053780,2021020001,8474034,0,00:56,19:04,20:00,3,18,TBL,,,,
11053117,2021020001,8474151,0,00:29,00:00,00:29,1,1,TBL,,,,
11053118,2021020001,8474151,0,02:13,02:12,04:25,1,2,TBL,,,,
11053119,2021020001,8474151,0,00:04,04:28,04:32,1,3,TBL,04:32,stoppage,goalie-stopped-after-sog,
11053284,2021020001,8474151,0,01:24,06:59,08:23,1,4,TBL,,,,
11053285,2021020001,8474151,0,01:13,12:37,13:50,1,5,TBL,,,,
11053286,2021020001,8474151,0,00:56,15:20,16:16,1,6,TBL,,,,
11053287,2021020001,8474151,0,00:48,18:51,19:39,1,7,TBL,19:39,stoppage,goalie-stopped-after-sog,
11053288,2021020001,8474151,0,02:35,00:00,02:35,2,8,TBL,,,,
11053289,2021020001,8474151,0,00:20,07:11,07:31,2,9,TBL,07:31,stoppage,goalie-stopped-after-sog,tv-timeout
11053290,2021020001,8474151,0,00:49,08:31,09:20,2,10,TBL,,,,
11053291,2021020001,8474151,0,01:09,11:30,12:39,2,11,TBL,,,,
11053292,2021020001,8474151,0,01:30,15:44,17:14,2,12,TBL,,,,
11053293,2021020001,8474151,0,00:59,18:24,19:23,2,13,TBL,,,,
11053294,2021020001,8474151,0,00:39,00:00,00:39,3,14,TBL,,,,
11053295,2021020001,8474151,0,00:31,02:34,03:05,3,15,TBL,03:05,stoppage,offside,
11053296,2021020001,8474151,0,00:42,04:57,05:39,3,16,TBL,05:39,stoppage,goalie-stopped-after-sog,
11053297,2021020001,8474151,0,01:03,07:52,08:55,3,17,TBL,,,,
11053298,2021020001,8474151,0,01:14,09:56,11:10,3,18,TBL,,,,
11053781,2021020001,8474151,0,00:37,13:11,13:48,3,19,TBL,13:48,stoppage,goalie-stopped-after-sog,tv-timeout
11053782,2021020001,8474151,0,00:47,14:53,15:40,3,20,TBL,,,,
11053783,2021020001,8474151,0,00:09,16:18,16:27,3,21,TBL,,,,
11053784,2021020001,8474151,0,01:22,16:49,18:11,3,22,TBL,18:11,goal,reason,
11053120,2021020001,8474564,0,00:34,00:29,01:03,1,1,TBL,01:03,stoppage,goalie-stopped-after-sog,
11053121,2021020001,8474564,0,00:03,04:25,04:28,1,2,TBL,04:28,stoppage,icing,
11053122,2021020001,8474564,0,00:47,04:32,05:19,1,3,TBL,,,,
11053299,2021020001,8474564,0,01:04,06:59,08:03,1,4,TBL,,,,
11053300,2021020001,8474564,0,00:56,11:10,12:06,1,5,TBL,12:06,stoppage,icing,
11053301,2021020001,8474564,0,00:39,14:41,15:20,1,6,TBL,15:20,stoppage,puck-in-benches,tv-timeout
11053302,2021020001,8474564,0,01:05,17:46,18:51,1,7,TBL,,,,
11053303,2021020001,8474564,0,00:21,19:39,20:00,1,8,TBL,,,,
11053304,2021020001,8474564,0,01:10,00:12,01:22,2,9,TBL,,,,
11053305,2021020001,8474564,0,00:58,03:13,04:11,2,10,TBL,04:11,goal,reason,
11053306,2021020001,8474564,0,00:34,06:57,07:31,2,11,TBL,07:31,stoppage,goalie-stopped-after-sog,tv-timeout
11053307,2021020001,8474564,0,01:14,08:42,09:56,2,12,TBL,,,,
11053308,2021020001,8474564,0,01:19,12:39,13:58,2,13,TBL,,,,
11053309,2021020001,8474564,0,00:37,14:25,15:02,2,14,TBL,15:02,stoppage,goalie-stopped-after-sog,tv-timeout
11053310,2021020001,8474564,0,00:37,19:23,20:00,2,15,TBL,,,,
11053311,2021020001,8474564,0,00:57,00:00,00:57,3,16,TBL,,,,
11053312,2021020001,8474564,0,00:20,03:05,03:25,3,17,TBL,03:25,stoppage,goalie-stopped-after-sog,
11053313,2021020001,8474564,0,01:16,05:39,06:55,3,18,TBL,,,,
11053314,2021020001,8474564,0,01:21,09:49,11:10,3,19,TBL,,,,
11053785,2021020001,8474564,0,00:32,12:39,13:11,3,20,TBL,,,,
11053786,2021020001,8474564,0,00:35,13:48,14:23,3,21,TBL,14:23,goal,reason,
11053787,2021020001,8474564,0,00:10,14:43,14:53,3,22,TBL,14:53,goal,reason,
11053788,2021020001,8474564,0,00:06,16:12,16:18,3,23,TBL,16:18,stoppage,puck-in-benches,tv-timeout
11053789,2021020001,8474564,0,00:22,16:27,16:49,3,24,TBL,16:49,goal,reason,
11053790,2021020001,8474564,0,00:22,17:49,18:11,3,25,TBL,18:11,goal,reason,
11053123,2021020001,8474567,0,00:37,00:59,01:36,1,1,TBL,,,,
11053124,2021020001,8474567,0,00:07,04:32,04:39,1,2,TBL,04:39,stoppage,goalie-stopped-after-sog,
11053125,2021020001,8474567,0,00:35,05:19,05:54,1,3,TBL,,,,
11053315,2021020001,8474567,0,00:46,08:23,09:09,1,4,TBL,,,,
11053316,2021020001,8474567,0,01:08,09:33,10:41,1,5,TBL,,,,
11053317,2021020001,8474567,0,01:09,13:50,14:59,1,6,TBL,,,,
11053318,2021020001,8474567,0,00:29,17:17,17:46,1,7,TBL,,,,
11053319,2021020001,8474567,0,00:21,19:39,20:00,1,8,TBL,,,,
11053320,2021020001,8474567,0,01:36,02:35,04:11,2,9,TBL,04:11,goal,reason,
11053321,2021020001,8474567,0,00:14,05:10,05:24,2,10,TBL,05:24,stoppage,puck-frozen,
11053322,2021020001,8474567,0,01:06,06:05,07:11,2,11,TBL,,,,
11053323,2021020001,8474567,0,00:40,09:16,09:56,2,12,TBL,,,,
11053324,2021020001,8474567,0,00:25,15:44,16:09,2,13,TBL,,,,
11053325,2021020001,8474567,0,00:56,01:38,02:34,3,14,TBL,,,,
11053326,2021020001,8474567,0,00:32,03:25,03:57,3,15,TBL,,,,
11053327,2021020001,8474567,0,01:31,05:39,07:10,3,16,TBL,,,,
11053328,2021020001,8474567,0,00:22,11:10,11:32,3,17,TBL,11:32,goal,reason,
11053791,2021020001,8474567,0,00:47,14:53,15:40,3,18,TBL,,,,
11053792,2021020001,8474567,0,00:53,18:11,19:04,3,19,TBL,19:04,stoppage,hand-pass,
11053126,2021020001,8475167,0,00:30,00:29,00:59,1,1,TBL,,,,
11053127,2021020001,8475167,0,00:36,01:36,02:12,1,2,TBL,,,,
11053128,2021020001,8475167,0,00:40,04:39,05:19,1,3,TBL,,,,
11053329,2021020001,8475167,0,01:05,05:54,06:59,1,4,TBL,06:59,stoppage,goalie-stopped-after-sog,
11053330,2021020001,8475167,0,01:11,09:09,10:20,1,5,TBL,,,,
11053331,2021020001,8475167,0,01:27,11:10,12:37,1,6,TBL,,,,
11053332,2021020001,8475167,0,00:39,14:41,15:20,1,7,TBL,15:20,stoppage,puck-in-benches,tv-timeout
11053333,2021020001,8475167,0,01:01,16:16,17:17,1,8,TBL,,,,
11053334,2021020001,8475167,0,01:05,17:46,18:51,1,9,TBL,,,,
11053335,2021020001,8475167,0,00:59,04:11,05:10,2,10,TBL,,,,
11053336,2021020001,8475167,0,00:55,05:24,06:19,2,11,TBL,,,,
11053337,2021020001,8475167,0,01:00,07:31,08:31,2,12,TBL,,,,
11053338,2021020001,8475167,0,01:34,09:56,11:30,2,13,TBL,,,,
11053339,2021020001,8475167,0,01:19,12:39,13:58,2,14,TBL,,,,
11053340,2021020001,8475167,0,00:37,14:25,15:02,2,15,TBL,15:02,stoppage,goalie-stopped-after-sog,tv-timeout
11053341,2021020001,8475167,0,01:10,17:14,18:24,2,16,TBL,,,,
11053342,2021020001,8475167,0,00:37,19:23,20:00,2,17,TBL,,,,
11053343,2021020001,8475167,0,00:59,00:39,01:38,3,18,TBL,01:38,stoppage,goalie-stopped-after-sog,
11053344,2021020001,8475167,0,00:20,03:05,03:25,3,19,TBL,03:25,stoppage,goalie-stopped-after-sog,
11053345,2021020001,8475167,0,01:03,03:54,04:57,3,20,TBL,,,,
11053346,2021020001,8475167,0,00:57,06:55,07:52,3,21,TBL,,,,
11053347,2021020001,8475167,0,01:01,08:55,09:56,3,22,TBL,,,,
11053793,2021020001,8475167,0,00:55,11:32,12:27,3,23,TBL,12:27,stoppage,puck-in-netting,
11053794,2021020001,8475167,0,00:32,12:39,13:11,3,24,TBL,,,,
11053795,2021020001,8475167,0,01:05,13:48,14:53,3,25,TBL,14:53,goal,reason,
11053796,2021020001,8475167,0,00:37,16:12,16:49,3,26,TBL,16:49,goal,reason,
11054625,2021020001,8475167,0,00:06,18:05,18:11,3,27,TBL,18:11,goal,reason,
11053129,2021020001,8475208,0,00:26,00:00,00:26,1,1,PIT,,,,
11053130,2021020001,8475208,0,00:41,01:03,01:44,1,2,PIT,,,,
11053131,2021020001,8475208,0,00:50,02:22,03:12,1,3,PIT,,,,
11053132,2021020001,8475208,0,00:07,04:08,04:15,1,4,PIT,,,,
11053348,2021020001,8475208,0,00:46,05:18,06:04,1,5,PIT,06:04,stoppage,goalie-stopped-after-sog,tv-timeout
11053349,2021020001,8475208,0,00:55,06:42,07:37,1,6,PIT,07:37,stoppage,icing,
11053350,2021020001,8475208,0,01:10,09:20,10:30,1,7,PIT,,,,
11053351,2021020001,8475208,0,00:13,12:43,12:56,1,8,PIT,12:56,stoppage,offside,
11053352,2021020001,8475208,0,01:36,14:45,16:21,1,9,PIT,,,,
11053353,2021020001,8475208,0,01:00,17:59,18:59,1,10,PIT,,,,
11053354,2021020001,8475208,0,00:21,19:39,20:00,1,11,PIT,,,,
11053355,2021020001,8475208,0,00:46,00:00,00:46,2,12,PIT,,,,
11053356,2021020001,8475208,0,00:54,02:08,03:02,2,13,PIT,,,,
11053357,2021020001,8475208,0,00:47,04:11,04:58,2,14,PIT,,,,
11053358,2021020001,8475208,0,00:56,07:31,08:27,2,15,PIT,,,,
11053359,2021020001,8475208,0,00:42,10:33,11:15,2,16,PIT,,,,
11053360,2021020001,8475208,0,00:31,12:56,13:27,2,17,PIT,,,,
11053361,2021020001,8475208,0,01:06,13:56,15:02,2,18,PIT,15:02,stoppage,goalie-stopped-after-sog,tv-timeout
11053362,2021020001,8475208,0,00:39,19:21,20:00,2,19,PIT,,,,
11053363,2021020001,8475208,0,00:58,00:00,00:58,3,20,PIT,,,,
11053364,2021020001,8475208,0,01:18,02:27,03:45,3,21,PIT,,,,
11053365,2021020001,8475208,0,01:26,05:14,06:40,3,22,PIT,,,,
11053366,2021020001,8475208,0,00:24,08:41,09:05,3,23,PIT,,,,
11053797,2021020001,8475208,0,00:49,11:04,11:53,3,24,PIT,,,,
11053798,2021020001,8475208,0,00:54,12:27,13:21,3,25,PIT,,,,
11053799,2021020001,8475208,0,01:05,13:48,14:53,3,26,PIT,14:53,goal,reason,
11053800,2021020001,8475208,0,00:59,15:50,16:49,3,27,PIT,16:49,goal,reason,
11053801,2021020001,8475208,0,00:09,18:02,18:11,3,28,PIT,18:11,goal,reason,
11053133,2021020001,8475722,0,00:31,00:32,01:03,1,1,PIT,01:03,stoppage,goalie-stopped-after-sog,
11053134,2021020001,8475722,0,01:14,03:12,04:26,1,2,PIT,,,,
11053367,2021020001,8475722,0,00:44,06:04,06:48,1,3,PIT,,,,
11053368,2021020001,8475722,0,00:42,08:23,09:05,1,4,PIT,,,,
11053369,2021020001,8475722,0,00:53,11:11,12:04,1,5,PIT,,,,
11053370,2021020001,8475722,0,00:40,14:40,15:20,1,6,PIT,15:20,stoppage,puck-in-benches,tv-timeout
11053371,2021020001,8475722,0,00:52,17:59,18:51,1,7,PIT,,,,
11053372,2021020001,8475722,0,01:29,01:23,02:52,2,8,PIT,,,,
11053373,2021020001,8475722,0,00:26,04:58,05:24,2,9,PIT,05:24,stoppage,puck-frozen,
11053374,2021020001,8475722,0,01:12,06:19,07:31,2,10,PIT,07:31,stoppage,goalie-stopped-after-sog,tv-timeout
11053375,2021020001,8475722,0,01:01,09:22,10:23,2,11,PIT,,,,
11053376,2021020001,8475722,0,02:04,15:29,17:33,2,12,PIT,17:33,stoppage,icing,
11053377,2021020001,8475722,0,01:25,01:38,03:03,3,13,PIT,,,,
11053378,2021020001,8475722,0,00:25,05:14,05:39,3,14,PIT,05:39,stoppage,goalie-stopped-after-sog,
11053379,2021020001,8475722,0,00:52,07:38,08:30,3,15,PIT,,,,
11053380,2021020001,8475722,0,00:54,10:28,11:22,3,16,PIT,,,,
11053802,2021020001,8475722,0,00:34,13:14,13:48,3,17,PIT,13:48,stoppage,goalie-stopped-after-sog,tv-timeout
11053803,2021020001,8475722,0,00:32,15:46,16:18,3,18,PIT,16:18,stoppage,puck-in-benches,tv-timeout
11053135,2021020001,8475810,0,00:32,00:00,00:32,1,1,PIT,,,,
11053136,2021020001,8475810,0,00:42,02:30,03:12,1,2,PIT,,,,
11053137,2021020001,8475810,0,00:39,04:39,05:18,1,3,PIT,,,,
11053381,2021020001,8475810,0,00:43,06:48,07:31,1,4,PIT,,,,
11053382,2021020001,8475810,0,00:50,09:33,10:23,1,5,PIT,,,,
11053383,2021020001,8475810,0,00:52,12:04,12:56,1,6,PIT,12:56,stoppage,offside,
11053384,2021020001,8475810,0,00:55,15:20,16:15,1,7,PIT,,,,
11053385,2021020001,8475810,0,01:09,18:51,20:00,1,8,PIT,,,,
11053386,2021020001,8475810,0,00:57,00:00,00:57,2,9,PIT,,,,
11053387,2021020001,8475810,0,00:26,03:13,03:39,2,10,PIT,,,,
11053388,2021020001,8475810,0,00:55,05:24,06:19,2,11,PIT,,,,
11053389,2021020001,8475810,0,01:00,08:22,09:22,2,12,PIT,,,,
11053390,2021020001,8475810,0,00:20,12:36,12:56,2,13,PIT,,,,
11053391,2021020001,8475810,0,00:52,14:37,15:29,2,14,PIT,,,,
11053392,2021020001,8475810,0,01:33,16:09,17:42,2,15,PIT,,,,
11053393,2021020001,8475810,0,00:39,19:21,20:00,2,16,PIT,,,,
11053751,2021020001,8475810,803,,18:11,18:11,3,0,PIT,18:11,goal,reason,
11053394,2021020001,8475810,0,00:41,00:00,00:41,3,17,PIT,,,,
11053395,2021020001,8475810,0,00:38,02:27,03:05,3,18,PIT,03:05,stoppage,offside,
11053396,2021020001,8475810,0,01:05,04:15,05:20,3,19,PIT,,,,
11053397,2021020001,8475810,0,00:46,06:52,07:38,3,20,PIT,,,,
11053398,2021020001,8475810,0,00:42,09:05,09:47,3,21,PIT,,,,
11053804,2021020001,8475810,0,00:14,11:32,11:46,3,22,PIT,11:46,stoppage,goalie-stopped-after-sog,tv-timeout
11053805,2021020001,8475810,0,00:47,12:27,13:14,3,23,PIT,,,,
11053806,2021020001,8475810,0,00:30,13:48,14:18,3,24,PIT,14:18,stoppage,goalie-stopped-after-sog,
11053807,2021020001,8475810,0,00:47,14:53,15:40,3,25,PIT,,,,
11053808,2021020001,8475810,0,00:31,16:18,16:49,3,26,PIT,16:49,goal,reason,
11053809,2021020001,8475810,0,00:36,17:35,18:11,3,27,PIT,18:11,goal,reason,
11053138,2021020001,8476292,0,00:29,00:00,00:29,1,1,TBL,,,,
11053139,2021020001,8476292,0,01:53,02:32,04:25,1,2,TBL,,,,
11053399,2021020001,8476292,0,00:46,08:23,09:09,1,3,TBL,,,,
11053400,2021020001,8476292,0,00:50,12:06,12:56,1,4,TBL,12:56,stoppage,offside,
11053401,2021020001,8476292,0,00:50,15:20,16:10,1,5,TBL,,,,
11053402,2021020001,8476292,0,00:48,18:51,19:39,1,6,TBL,19:39,stoppage,goalie-stopped-after-sog,
11053403,2021020001,8476292,0,00:12,00:00,00:12,2,7,TBL,00:12,goal,reason,
11053404,2021020001,8476292,0,01:20,04:59,06:19,2,8,TBL,,,,
11053405,2021020001,8476292,0,00:38,07:53,08:31,2,9,TBL,,,,
11053406,2021020001,8476292,0,01:02,10:28,11:30,2,10,TBL,,,,
11053407,2021020001,8476292,0,00:27,13:58,14:25,2,11,TBL,14:25,stoppage,puck-in-benches,
11053408,2021020001,8476292,0,01:03,15:02,16:05,2,12,TBL,,,,
11053409,2021020001,8476292,0,00:59,18:24,19:23,2,13,TBL,,,,
11053410,2021020001,8476292,0,00:41,00:57,01:38,3,14,TBL,01:38,stoppage,goalie-stopped-after-sog,
11053411,2021020001,8476292,0,00:51,01:53,02:44,3,15,TBL,02:44,stoppage,icing,
11053412,2021020001,8476292,0,00:42,04:57,05:39,3,16,TBL,05:39,stoppage,goalie-stopped-after-sog,
11053413,2021020001,8476292,0,00:58,08:29,09:27,3,17,TBL,,,,
11053810,2021020001,8476292,0,00:12,12:27,12:39,3,18,TBL,12:39,stoppage,offside,
11053811,2021020001,8476292,0,00:37,13:11,13:48,3,19,TBL,13:48,stoppage,goalie-stopped-after-sog,tv-timeout
11053812,2021020001,8476292,0,00:31,17:04,17:35,3,20,TBL,17:35,goal,reason,
11053140,2021020001,8476453,0,00:29,00:00,00:29,1,1,TBL,,,,
11053141,2021020001,8476453,0,00:04,04:28,04:32,1,2,TBL,04:32,stoppage,goalie-stopped-after-sog,
11053142,2021020001,8476453,0,00:12,06:47,06:59,1,3,TBL,06:59,stoppage,goalie-stopped-after-sog,
11053414,2021020001,8476453,0,01:20,08:03,09:23,1,4,TBL,,,,
11053415,2021020001,8476453,0,00:50,12:06,12:56,1,5,TBL,12:56,stoppage,offside,
11053416,2021020001,8476453,0,00:56,15:20,16:16,1,6,TBL,,,,
11053417,2021020001,8476453,0,00:48,18:51,19:39,1,7,TBL,19:39,stoppage,goalie-stopped-after-sog,
11053418,2021020001,8476453,0,00:12,00:00,00:12,2,8,TBL,00:12,goal,reason,
11053419,2021020001,8476453,0,01:13,01:22,02:35,2,9,TBL,,,,
11053420,2021020001,8476453,0,01:25,04:54,06:19,2,10,TBL,,,,
11053421,2021020001,8476453,0,00:49,07:53,08:42,2,11,TBL,08:42,stoppage,goalie-stopped-after-sog,
11053422,2021020001,8476453,0,01:02,10:28,11:30,2,12,TBL,,,,
11053423,2021020001,8476453,0,01:02,12:56,13:58,2,13,TBL,,,,
11053424,2021020001,8476453,0,01:40,14:25,16:05,2,14,TBL,,,,
11053425,2021020001,8476453,0,00:50,18:33,19:23,2,15,TBL,,,,
11053426,2021020001,8476453,0,00:41,00:57,01:38,3,16,TBL,01:38,stoppage,goalie-stopped-after-sog,
11053427,2021020001,8476453,0,00:51,01:53,02:44,3,17,TBL,02:44,stoppage,icing,
11053428,2021020001,8476453,0,00:42,04:57,05:39,3,18,TBL,05:39,stoppage,goalie-stopped-after-sog,
11053429,2021020001,8476453,0,01:20,08:29,09:49,3,19,TBL,,,,
11053813,2021020001,8476453,0,00:12,12:27,12:39,3,20,TBL,12:39,stoppage,offside,
11053814,2021020001,8476453,0,01:42,13:11,14:53,3,21,TBL,14:53,goal,reason,
11053815,2021020001,8476453,0,00:57,15:52,16:49,3,22,TBL,16:49,goal,reason,
11053816,2021020001,8476453,0,00:36,17:35,18:11,3,23,TBL,18:11,goal,reason,
11053430,2021020001,8476883,0,20:00,00:00,20:00,1,1,TBL,,,,
11053431,2021020001,8476883,0,20:00,00:00,20:00,2,2,TBL,,,,
11053817,2021020001,8476883,0,13:48,00:00,13:48,3,3,TBL,13:48,stoppage,goalie-stopped-after-sog,tv-timeout
11053818,2021020001,8476883,0,00:20,14:23,14:43,3,4,TBL,,,,
11053819,2021020001,8476883,0,01:19,14:53,16:12,3,5,TBL,16:12,stoppage,puck-frozen,
11053820,2021020001,8476883,0,00:09,16:18,16:27,3,6,TBL,,,,
11053821,2021020001,8476883,0,00:15,16:49,17:04,3,7,TBL,,,,
11053822,2021020001,8476883,0,00:14,17:35,17:49,3,8,TBL,,,,
11053823,2021020001,8476883,0,01:49,18:11,20:00,3,9,TBL,,,,
11053143,2021020001,8476927,0,00:42,01:03,01:45,1,1,PIT,,,,
11053144,2021020001,8476927,0,00:13,04:26,04:39,1,2,PIT,04:39,stoppage,goalie-stopped-after-sog,
11053432,2021020001,8476927,0,00:52,07:31,08:23,1,3,PIT,,,,
11053433,2021020001,8476927,0,00:48,10:23,11:11,1,4,PIT,,,,
11053434,2021020001,8476927,0,00:57,12:56,13:53,1,5,PIT,,,,
11053435,2021020001,8476927,0,00:42,16:15,16:57,1,6,PIT,,,,
11053436,2021020001,8476927,0,00:21,19:39,20:00,1,7,PIT,,,,
11053437,2021020001,8476927,0,01:07,00:46,01:53,2,8,PIT,,,,
11053438,2021020001,8476927,0,00:47,04:11,04:58,2,9,PIT,,,,
11053439,2021020001,8476927,0,00:43,07:10,07:53,2,10,PIT,07:53,stoppage,hand-pass,
11053440,2021020001,8476927,0,01:01,10:33,11:34,2,11,PIT,,,,
11053441,2021020001,8476927,0,00:31,12:56,13:27,2,12,PIT,,,,
11053442,2021020001,8476927,0,00:23,13:56,14:19,2,13,PIT,14:19,stoppage,skater-puck-frozen,
11053443,2021020001,8476927,0,00:41,18:40,19:21,2,14,PIT,,,,
11053752,2021020001,8476927,803,,14:53,14:53,3,0,PIT,14:53,goal,reason,
11053444,2021020001,8476927,0,00:40,00:58,01:38,3,15,PIT,01:38,stoppage,goalie-stopped-after-sog,
11053445,2021020001,8476927,0,00:50,03:25,04:15,3,16,PIT,,,,
11053446,2021020001,8476927,0,01:13,05:39,06:52,3,17,PIT,,,,
11053447,2021020001,8476927,0,00:35,08:30,09:05,3,18,PIT,,,,
11053448,2021020001,8476927,0,00:18,11:14,11:32,3,19,PIT,11:32,goal,reason,
11053824,2021020001,8476927,0,00:41,11:46,12:27,3,20,PIT,12:27,stoppage,puck-in-netting,
11053825,2021020001,8476927,0,00:35,14:18,14:53,3,21,PIT,14:53,goal,reason,
11053826,2021020001,8476927,0,00:46,16:49,17:35,3,22,PIT,17:35,goal,reason,
11053827,2021020001,8476927,0,00:56,19:04,20:00,3,23,PIT,,,,
11053145,2021020001,8476934,0,00:42,01:03,01:45,1,1,PIT,,,,
11053146,2021020001,8476934,0,00:13,04:26,04:39,1,2,PIT,04:39,stoppage,goalie-stopped-after-sog,
11053449,2021020001,8476934,0,00:52,07:31,08:23,1,3,PIT,,,,
11053450,2021020001,8476934,0,00:48,10:23,11:11,1,4,PIT,,,,
11053451,2021020001,8476934,0,00:57,12:56,13:53,1,5,PIT,,,,
11053452,2021020001,8476934,0,00:42,16:15,16:57,1,6,PIT,,,,
11053453,2021020001,8476934,0,00:37,00:46,01:23,2,7,PIT,,,,
11053454,2021020001,8476934,0,00:47,04:11,04:58,2,8,PIT,,,,
11053455,2021020001,8476934,0,00:22,07:31,07:53,2,9,PIT,07:53,stoppage,hand-pass,
11053456,2021020001,8476934,0,00:55,10:33,11:28,2,10,PIT,,,,
11053457,2021020001,8476934,0,00:31,12:56,13:27,2,11,PIT,,,,
11053458,2021020001,8476934,0,00:23,13:56,14:19,2,12,PIT,14:19,stoppage,skater-puck-frozen,
11053459,2021020001,8476934,0,00:41,18:40,19:21,2,13,PIT,,,,
11053460,2021020001,8476934,0,00:40,00:58,01:38,3,14,PIT,01:38,stoppage,goalie-stopped-after-sog,
11053461,2021020001,8476934,0,00:50,03:25,04:15,3,15,PIT,,,,
11053462,2021020001,8476934,0,01:13,05:39,06:52,3,16,PIT,,,,
11053463,2021020001,8476934,0,00:44,08:30,09:14,3,17,PIT,09:14,stoppage,icing,
11053464,2021020001,8476934,0,00:10,11:22,11:32,3,18,PIT,11:32,goal,reason,
11053828,2021020001,8476934,0,00:41,11:46,12:27,3,19,PIT,12:27,stoppage,puck-in-netting,
11053829,2021020001,8476934,0,00:35,14:18,14:53,3,20,PIT,14:53,goal,reason,
11053830,2021020001,8476934,0,00:46,16:49,17:35,3,21,PIT,17:35,goal,reason,
11053831,2021020001,8476934,0,00:56,19:04,20:00,3,22,PIT,,,,
11053147,2021020001,8477244,0,00:38,01:44,02:22,1,1,PIT,,,,
11053148,2021020001,8477244,0,00:52,04:26,05:18,1,2,PIT,,,,
11053465,2021020001,8477244,0,00:46,07:37,08:23,1,3,PIT,,,,
11053466,2021020001,8477244,0,00:45,10:30,11:15,1,4,PIT,,,,
11053467,2021020001,8477244,0,01:06,12:56,14:02,1,5,PIT,,,,
11053468,2021020001,8477244,0,00:49,16:21,17:10,1,6,PIT,,,,
11053469,2021020001,8477244,0,01:05,03:02,04:07,2,7,PIT,,,,
11053470,2021020001,8477244,0,00:47,06:44,07:31,2,8,PIT,07:31,stoppage,goalie-stopped-after-sog,tv-timeout
11053471,2021020001,8477244,0,00:42,09:51,10:33,2,9,PIT,10:33,stoppage,puck-in-netting,tv-timeout
11053472,2021020001,8477244,0,00:37,12:19,12:56,2,10,PIT,,,,
11053473,2021020001,8477244,0,00:29,13:27,13:56,2,11,PIT,,,,
11053474,2021020001,8477244,0,00:40,15:29,16:09,2,12,PIT,,,,
11053475,2021020001,8477244,0,00:41,18:40,19:21,2,13,PIT,,,,
11053476,2021020001,8477244,0,00:49,01:38,02:27,3,14,PIT,,,,
11053477,2021020001,8477244,0,00:58,06:40,07:38,3,15,PIT,,,,
11053478,2021020001,8477244,0,00:42,09:05,09:47,3,16,PIT,,,,
11053479,2021020001,8477244,0,00:36,10:28,11:04,3,17,PIT,,,,
11053832,2021020001,8477244,0,00:34,11:53,12:27,3,18,PIT,12:27,stoppage,puck-in-netting,
11053833,2021020001,8477244,0,00:27,17:35,18:02,3,19,PIT,,,,
11053834,2021020001,8477244,0,00:50,18:11,19:01,3,20,PIT,,,,
11053835,2021020001,8477244,0,00:56,19:04,20:00,3,21,PIT,,,,
11053480,2021020001,8477465,0,20:00,00:00,20:00,1,1,PIT,,,,
11053481,2021020001,8477465,0,20:00,00:00,20:00,2,2,PIT,,,,
11053836,2021020001,8477465,0,20:00,00:00,20:00,3,3,PIT,,,,
11053149,2021020001,8477930,0,02:41,01:44,04:25,1,1,TBL,,,,
11053150,2021020001,8477930,0,00:21,05:19,05:40,1,2,TBL,,,,
11053482,2021020001,8477930,0,00:02,06:02,06:04,1,3,TBL,06:04,stoppage,goalie-stopped-after-sog,tv-timeout
11053483,2021020001,8477930,0,00:47,09:46,10:33,1,4,TBL,,,,
11053484,2021020001,8477930,0,00:41,12:56,13:37,1,5,TBL,,,,
11053485,2021020001,8477930,0,00:37,16:16,16:53,1,6,TBL,,,,
11053486,2021020001,8477930,0,00:48,04:11,04:59,2,7,TBL,,,,
11053487,2021020001,8477930,0,00:22,07:31,07:53,2,8,TBL,07:53,stoppage,hand-pass,
11053488,2021020001,8477930,0,01:09,11:30,12:39,2,9,TBL,,,,
11053489,2021020001,8477930,0,01:10,17:14,18:24,2,10,TBL,,,,
11053490,2021020001,8477930,0,00:15,01:38,01:53,3,11,TBL,01:53,stoppage,goalie-stopped-after-sog,
11053491,2021020001,8477930,0,00:58,03:25,04:23,3,12,TBL,,,,
11053492,2021020001,8477930,0,00:41,06:55,07:36,3,13,TBL,,,,
11053493,2021020001,8477930,0,00:22,11:10,11:32,3,14,TBL,11:32,goal,reason,
11053837,2021020001,8477930,0,00:59,14:53,15:52,3,15,TBL,,,,
11053838,2021020001,8477930,0,00:53,18:11,19:04,3,16,TBL,19:04,stoppage,hand-pass,
11053151,2021020001,8477953,0,00:31,00:32,01:03,1,1,PIT,01:03,stoppage,goalie-stopped-after-sog,
11053152,2021020001,8477953,0,01:14,03:12,04:26,1,2,PIT,,,,
11053494,2021020001,8477953,0,00:44,06:04,06:48,1,3,PIT,,,,
11053495,2021020001,8477953,0,00:42,08:23,09:05,1,4,PIT,,,,
11053496,2021020001,8477953,0,00:53,11:11,12:04,1,5,PIT,,,,
11053497,2021020001,8477953,0,00:40,14:40,15:20,1,6,PIT,15:20,stoppage,puck-in-benches,tv-timeout
11053498,2021020001,8477953,0,00:52,17:59,18:51,1,7,PIT,,,,
11053499,2021020001,8477953,0,00:51,02:01,02:52,2,8,PIT,,,,
11053500,2021020001,8477953,0,00:26,04:58,05:24,2,9,PIT,05:24,stoppage,puck-frozen,
11053501,2021020001,8477953,0,01:12,06:19,07:31,2,10,PIT,07:31,stoppage,goalie-stopped-after-sog,tv-timeout
11053502,2021020001,8477953,0,00:37,09:46,10:23,2,11,PIT,,,,
11053503,2021020001,8477953,0,01:43,15:29,17:12,2,12,PIT,,,,
11053504,2021020001,8477953,0,00:49,01:38,02:27,3,13,PIT,,,,
11053505,2021020001,8477953,0,00:19,05:20,05:39,3,14,PIT,05:39,stoppage,goalie-stopped-after-sog,
11053506,2021020001,8477953,0,00:52,07:38,08:30,3,15,PIT,,,,
11053507,2021020001,8477953,0,00:46,10:28,11:14,3,16,PIT,,,,
11053839,2021020001,8477953,0,00:34,13:14,13:48,3,17,PIT,13:48,stoppage,goalie-stopped-after-sog,tv-timeout
11053840,2021020001,8477953,0,00:38,15:40,16:18,3,18,PIT,16:18,stoppage,puck-in-benches,tv-timeout
11053153,2021020001,8477969,0,00:37,00:26,01:03,1,1,PIT,01:03,stoppage,goalie-stopped-after-sog,
11053154,2021020001,8477969,0,00:56,03:12,04:08,1,2,PIT,,,,
11053155,2021020001,8477969,0,00:11,04:15,04:26,1,3,PIT,,,,
11053508,2021020001,8477969,0,00:38,06:04,06:42,1,4,PIT,,,,
11053509,2021020001,8477969,0,00:57,08:23,09:20,1,5,PIT,,,,
11053510,2021020001,8477969,0,01:28,11:15,12:43,1,6,PIT,,,,
11053511,2021020001,8477969,0,00:43,14:02,14:45,1,7,PIT,,,,
11053512,2021020001,8477969,0,00:49,17:10,17:59,1,8,PIT,17:59,stoppage,offside,
11053513,2021020001,8477969,0,00:40,18:59,19:39,1,9,PIT,19:39,stoppage,goalie-stopped-after-sog,
11053514,2021020001,8477969,0,01:07,00:46,01:53,2,10,PIT,,,,
11053515,2021020001,8477969,0,00:04,04:07,04:11,2,11,PIT,04:11,goal,reason,
11053516,2021020001,8477969,0,01:46,04:58,06:44,2,12,PIT,,,,
11053517,2021020001,8477969,0,01:12,08:39,09:51,2,13,PIT,,,,
11053518,2021020001,8477969,0,00:45,11:34,12:19,2,14,PIT,,,,
11053519,2021020001,8477969,0,00:27,15:02,15:29,2,15,PIT,,,,
11053520,2021020001,8477969,0,00:58,17:42,18:40,2,16,PIT,,,,
11053521,2021020001,8477969,0,00:40,00:58,01:38,3,17,PIT,01:38,stoppage,goalie-stopped-after-sog,
11053522,2021020001,8477969,0,01:35,03:45,05:20,3,18,PIT,,,,
11053523,2021020001,8477969,0,01:03,07:38,08:41,3,19,PIT,,,,
11053524,2021020001,8477969,0,00:41,09:47,10:28,3,20,PIT,10:28,stoppage,icing,
11053841,2021020001,8477969,0,00:34,13:14,13:48,3,21,PIT,13:48,stoppage,goalie-stopped-after-sog,tv-timeout
11053842,2021020001,8477969,0,00:57,14:53,15:50,3,22,PIT,,,,
11053843,2021020001,8477969,0,00:46,16:49,17:35,3,23,PIT,17:35,goal,reason,
11053844,2021020001,8477969,0,00:03,19:01,19:04,3,24,PIT,19:04,stoppage,hand-pass,
11053156,2021020001,8478010,0,00:29,00:00,00:29,1,1,TBL,,,,
11053157,2021020001,8478010,0,01:53,02:32,04:25,1,2,TBL,,,,
11053158,2021020001,8478010,0,00:04,04:28,04:32,1,3,TBL,04:32,stoppage,goalie-stopped-after-sog,
11053525,2021020001,8478010,0,00:12,06:47,06:59,1,4,TBL,06:59,stoppage,goalie-stopped-after-sog,
11053526,2021020001,8478010,0,01:23,08:23,09:46,1,5,TBL,,,,
11053527,2021020001,8478010,0,00:50,12:06,12:56,1,6,TBL,12:56,stoppage,offside,
11053528,2021020001,8478010,0,01:01,15:15,16:16,1,7,TBL,,,,
11053529,2021020001,8478010,0,00:48,18:51,19:39,1,8,TBL,19:39,stoppage,goalie-stopped-after-sog,
11053530,2021020001,8478010,0,00:12,00:00,00:12,2,9,TBL,00:12,goal,reason,
11053531,2021020001,8478010,0,01:13,01:22,02:35,2,10,TBL,,,,
11053532,2021020001,8478010,0,01:20,04:59,06:19,2,11,TBL,,,,
11053533,2021020001,8478010,0,00:49,07:53,08:42,2,12,TBL,08:42,stoppage,goalie-stopped-after-sog,
11053534,2021020001,8478010,0,01:02,10:28,11:30,2,13,TBL,,,,
11053535,2021020001,8478010,0,01:02,12:56,13:58,2,14,TBL,,,,
11053536,2021020001,8478010,0,01:40,14:25,16:05,2,15,TBL,,,,
11053537,2021020001,8478010,0,00:50,18:33,19:23,2,16,TBL,,,,
11053538,2021020001,8478010,0,00:50,00:48,01:38,3,17,TBL,01:38,stoppage,goalie-stopped-after-sog,
11053539,2021020001,8478010,0,00:51,01:53,02:44,3,18,TBL,02:44,stoppage,icing,
11053540,2021020001,8478010,0,00:42,04:57,05:39,3,19,TBL,05:39,stoppage,goalie-stopped-after-sog,
11053541,2021020001,8478010,0,01:20,08:29,09:49,3,20,TBL,,,,
11053845,2021020001,8478010,0,00:23,12:16,12:39,3,21,TBL,12:39,stoppage,offside,
11053846,2021020001,8478010,0,01:42,13:11,14:53,3,22,TBL,14:53,goal,reason,
11053847,2021020001,8478010,0,00:26,15:52,16:18,3,23,TBL,16:18,stoppage,puck-in-benches,tv-timeout
11053848,2021020001,8478010,0,00:22,16:27,16:49,3,24,TBL,16:49,goal,reason,
11053849,2021020001,8478010,0,00:36,17:35,18:11,3,25,TBL,18:11,goal,reason,
11053159,2021020001,8478017,0,00:38,01:44,02:22,1,1,PIT,,,,
11053160,2021020001,8478017,0,00:52,04:26,05:18,1,2,PIT,,,,
11053542,2021020001,8478017,0,00:46,07:37,08:23,1,3,PIT,,,,
11053543,2021020001,8478017,0,00:45,10:30,11:15,1,4,PIT,,,,
11053544,2021020001,8478017,0,01:06,12:56,14:02,1,5,PIT,,,,
11053545,2021020001,8478017,0,00:49,16:21,17:10,1,6,PIT,,,,
11053546,2021020001,8478017,0,00:37,03:02,03:39,2,7,PIT,,,,
11053547,2021020001,8478017,0,00:47,06:44,07:31,2,8,PIT,07:31,stoppage,goalie-stopped-after-sog,tv-timeout
11053548,2021020001,8478017,0,00:42,09:51,10:33,2,9,PIT,10:33,stoppage,puck-in-netting,tv-timeout
11053549,2021020001,8478017,0,00:37,12:19,12:56,2,10,PIT,,,,
11053550,2021020001,8478017,0,00:12,15:57,16:09,2,11,PIT,,,,
11053551,2021020001,8478017,0,01:25,01:38,03:03,3,12,PIT,,,,
11053552,2021020001,8478017,0,00:46,06:52,07:38,3,13,PIT,,,,
11053553,2021020001,8478017,0,00:42,09:05,09:47,3,14,PIT,,,,
11053554,2021020001,8478017,0,00:36,10:28,11:04,3,15,PIT,,,,
11053850,2021020001,8478017,0,00:34,11:53,12:27,3,16,PIT,12:27,stoppage,puck-in-netting,
11053851,2021020001,8478017,0,00:27,17:35,18:02,3,17,PIT,,,,
11053852,2021020001,8478017,0,00:50,18:11,19:01,3,18,PIT,,,,
11053853,2021020001,8478017,0,00:56,19:04,20:00,3,19,PIT,,,,
11053161,2021020001,8478043,0,00:45,01:45,02:30,1,1,PIT,,,,
11053555,2021020001,8478043,0,00:46,05:18,06:04,1,2,PIT,06:04,stoppage,goalie-stopped-after-sog,tv-timeout
11053556,2021020001,8478043,0,00:28,09:05,09:33,1,3,PIT,09:33,stoppage,icing,
11053557,2021020001,8478043,0,00:47,13:53,14:40,1,4,PIT,,,,
11053558,2021020001,8478043,0,01:02,16:57,17:59,1,5,PIT,17:59,stoppage,offside,
11053559,2021020001,8478043,0,00:21,02:52,03:13,2,6,PIT,03:13,stoppage,puck-in-netting,
11053560,2021020001,8478043,0,00:32,03:39,04:11,2,7,PIT,04:11,goal,reason,
11053561,2021020001,8478043,0,00:51,07:31,08:22,2,8,PIT,,,,
11053562,2021020001,8478043,0,01:11,10:23,11:34,2,9,PIT,,,,
11053563,2021020001,8478043,0,00:48,11:48,12:36,2,10,PIT,,,,
11053564,2021020001,8478043,0,00:29,13:27,13:56,2,11,PIT,,,,
11053565,2021020001,8478043,0,00:18,14:19,14:37,2,12,PIT,,,,
11053566,2021020001,8478043,0,00:03,17:30,17:33,2,13,PIT,17:33,stoppage,icing,
11053567,2021020001,8478043,0,00:20,03:05,03:25,3,14,PIT,03:25,stoppage,goalie-stopped-after-sog,
11053568,2021020001,8478043,0,00:07,05:39,05:46,3,15,PIT,,,,
11053569,2021020001,8478043,0,00:41,09:47,10:28,3,16,PIT,10:28,stoppage,icing,
11053854,2021020001,8478043,0,00:17,13:48,14:05,3,17,PIT,,,,
11053855,2021020001,8478043,0,00:53,18:11,19:04,3,18,PIT,19:04,stoppage,hand-pass,
11053162,2021020001,8478046,0,00:32,00:00,00:32,1,1,PIT,,,,
11053163,2021020001,8478046,0,00:42,02:30,03:12,1,2,PIT,,,,
11053164,2021020001,8478046,0,00:39,04:39,05:18,1,3,PIT,,,,
11053570,2021020001,8478046,0,00:43,06:48,07:31,1,4,PIT,,,,
11053571,2021020001,8478046,0,00:50,09:33,10:23,1,5,PIT,,,,
11053572,2021020001,8478046,0,00:24,12:32,12:56,1,6,PIT,12:56,stoppage,offside,
11053573,2021020001,8478046,0,00:55,15:20,16:15,1,7,PIT,,,,
11053574,2021020001,8478046,0,00:48,18:51,19:39,1,8,PIT,19:39,stoppage,goalie-stopped-after-sog,
11053190,2021020001,8478046,802,,00:12,00:12,2,0,PIT,00:12,goal,reason,
11053575,2021020001,8478046,0,00:46,00:00,00:46,2,9,PIT,,,,
11053576,2021020001,8478046,0,00:40,03:13,03:53,2,10,PIT,,,,
11053577,2021020001,8478046,0,00:55,05:24,06:19,2,11,PIT,,,,
11053578,2021020001,8478046,0,01:15,08:31,09:46,2,12,PIT,,,,
11053579,2021020001,8478046,0,00:31,12:25,12:56,2,13,PIT,,,,
11053580,2021020001,8478046,0,00:33,14:56,15:29,2,14,PIT,,,,
11053581,2021020001,8478046,0,01:07,17:33,18:40,2,15,PIT,,,,
11053582,2021020001,8478046,0,00:39,19:21,20:00,2,16,PIT,,,,
11053583,2021020001,8478046,0,00:58,00:00,00:58,3,17,PIT,,,,
11053584,2021020001,8478046,0,00:02,03:03,03:05,3,18,PIT,03:05,stoppage,offside,
11053585,2021020001,8478046,0,00:59,04:15,05:14,3,19,PIT,,,,
11053586,2021020001,8478046,0,00:46,06:52,07:38,3,20,PIT,,,,
11053587,2021020001,8478046,0,00:33,09:14,09:47,3,21,PIT,,,,
11053856,2021020001,8478046,0,00:14,11:32,11:46,3,22,PIT,11:46,stoppage,goalie-stopped-after-sog,tv-timeout
11053857,2021020001,8478046,0,00:47,12:27,13:14,3,23,PIT,,,,
11053858,2021020001,8478046,0,00:13,14:05,14:18,3,24,PIT,14:18,stoppage,goalie-stopped-after-sog,
11053859,2021020001,8478046,0,00:53,14:53,15:46,3,25,PIT,,,,
11053860,2021020001,8478046,0,00:31,16:18,16:49,3,26,PIT,16:49,goal,reason,
11053861,2021020001,8478046,0,00:36,17:35,18:11,3,27,PIT,18:11,goal,reason,
11053165,2021020001,8478416,0,00:29,00:00,00:29,1,1,TBL,,,,
11053166,2021020001,8478416,0,01:53,02:32,04:25,1,2,TBL,,,,
11053167,2021020001,8478416,0,00:04,04:28,04:32,1,3,TBL,04:32,stoppage,goalie-stopped-after-sog,
11053588,2021020001,8478416,0,01:24,06:59,08:23,1,4,TBL,,,,
11053589,2021020001,8478416,0,00:29,10:41,11:10,1,5,TBL,,,,
11053590,2021020001,8478416,0,00:54,12:56,13:50,1,6,TBL,,,,
11053591,2021020001,8478416,0,00:56,15:20,16:16,1,7,TBL,,,,
11053592,2021020001,8478416,0,00:48,18:51,19:39,1,8,TBL,19:39,stoppage,goalie-stopped-after-sog,
11053593,2021020001,8478416,0,02:35,00:00,02:35,2,9,TBL,,,,
11053594,2021020001,8478416,0,00:20,07:11,07:31,2,10,TBL,07:31,stoppage,goalie-stopped-after-sog,tv-timeout
11053595,2021020001,8478416,0,00:45,08:31,09:16,2,11,TBL,,,,
11053596,2021020001,8478416,0,01:09,11:30,12:39,2,12,TBL,,,,
11053597,2021020001,8478416,0,00:42,15:02,15:44,2,13,TBL,,,,
11053598,2021020001,8478416,0,00:39,16:09,16:48,2,14,TBL,,,,
11053599,2021020001,8478416,0,00:59,18:24,19:23,2,15,TBL,,,,
11053600,2021020001,8478416,0,00:39,00:00,00:39,3,16,TBL,,,,
11053601,2021020001,8478416,0,00:31,02:34,03:05,3,17,TBL,03:05,stoppage,offside,
11053602,2021020001,8478416,0,00:42,04:57,05:39,3,18,TBL,05:39,stoppage,goalie-stopped-after-sog,
11053603,2021020001,8478416,0,01:03,07:52,08:55,3,19,TBL,,,,
11053604,2021020001,8478416,0,01:14,09:56,11:10,3,20,TBL,,,,
11053862,2021020001,8478416,0,00:12,12:27,12:39,3,21,TBL,12:39,stoppage,offside,
11053863,2021020001,8478416,0,00:37,13:11,13:48,3,22,TBL,13:48,stoppage,goalie-stopped-after-sog,tv-timeout
11053864,2021020001,8478416,0,00:16,17:49,18:05,3,23,TBL,,,,
11053865,2021020001,8478416,0,00:56,19:04,20:00,3,24,TBL,,,,
11053168,2021020001,8478472,0,00:41,01:03,01:44,1,1,TBL,,,,
11053605,2021020001,8478472,0,01:19,05:40,06:59,1,2,TBL,06:59,stoppage,goalie-stopped-after-sog,
11053606,2021020001,8478472,0,00:42,10:28,11:10,1,3,TBL,,,,
11053607,2021020001,8478472,0,00:51,13:50,14:41,1,4,TBL,,,,
11053608,2021020001,8478472,0,00:47,16:59,17:46,1,5,TBL,,,,
11053609,2021020001,8478472,0,00:38,02:35,03:13,2,6,TBL,03:13,stoppage,puck-in-netting,
11053610,2021020001,8478472,0,00:38,06:19,06:57,2,7,TBL,,,,
11053611,2021020001,8478472,0,00:32,09:56,10:28,2,8,TBL,10:28,stoppage,icing,
11053612,2021020001,8478472,0,00:43,16:48,17:31,2,9,TBL,,,,
11053613,2021020001,8478472,0,00:21,02:44,03:05,3,10,TBL,03:05,stoppage,offside,
11053614,2021020001,8478472,0,00:45,04:12,04:57,3,11,TBL,,,,
11053615,2021020001,8478472,0,00:41,07:48,08:29,3,12,TBL,,,,
11053866,2021020001,8478472,0,00:55,11:32,12:27,3,13,TBL,12:27,stoppage,puck-in-netting,
11053867,2021020001,8478472,0,00:15,16:49,17:04,3,14,TBL,,,,
11053868,2021020001,8478472,0,00:53,18:11,19:04,3,15,TBL,19:04,stoppage,hand-pass,
11053169,2021020001,8478507,0,00:37,00:26,01:03,1,1,PIT,01:03,stoppage,goalie-stopped-after-sog,
11053170,2021020001,8478507,0,00:56,03:12,04:08,1,2,PIT,,,,
11053616,2021020001,8478507,0,00:38,06:04,06:42,1,3,PIT,,,,
11053617,2021020001,8478507,0,00:57,08:23,09:20,1,4,PIT,,,,
11053618,2021020001,8478507,0,00:49,11:15,12:04,1,5,PIT,,,,
11053619,2021020001,8478507,0,00:15,12:28,12:43,1,6,PIT,,,,
11053620,2021020001,8478507,0,00:43,14:02,14:45,1,7,PIT,,,,
11053621,2021020001,8478507,0,00:49,17:10,17:59,1,8,PIT,17:59,stoppage,offside,
11053622,2021020001,8478507,0,00:21,19:39,20:00,1,9,PIT,,,,
11053623,2021020001,8478507,0,01:22,00:46,02:08,2,10,PIT,,,,
11053624,2021020001,8478507,0,00:32,03:39,04:11,2,11,PIT,04:11,goal,reason,
11053625,2021020001,8478507,0,01:46,04:58,06:44,2,12,PIT,,,,
11053626,2021020001,8478507,0,01:24,08:27,09:51,2,13,PIT,,,,
11053627,2021020001,8478507,0,01:04,11:15,12:19,2,14,PIT,,,,
11053628,2021020001,8478507,0,00:31,12:56,13:27,2,15,PIT,,,,
11053629,2021020001,8478507,0,01:06,13:56,15:02,2,16,PIT,15:02,stoppage,goalie-stopped-after-sog,tv-timeout
11053630,2021020001,8478507,0,01:39,17:42,19:21,2,17,PIT,,,,
11053631,2021020001,8478507,0,00:40,00:58,01:38,3,18,PIT,01:38,stoppage,goalie-stopped-after-sog,
11053632,2021020001,8478507,0,01:04,04:10,05:14,3,19,PIT,,,,
11053633,2021020001,8478507,0,01:03,07:38,08:41,3,20,PIT,,,,
11053634,2021020001,8478507,0,00:41,09:47,10:28,3,21,PIT,10:28,stoppage,icing,
11053869,2021020001,8478507,0,00:27,13:21,13:48,3,22,PIT,13:48,stoppage,goalie-stopped-after-sog,tv-timeout
11053870,2021020001,8478507,0,00:57,14:53,15:50,3,23,PIT,,,,
11053871,2021020001,8478507,0,00:46,16:49,17:35,3,24,PIT,17:35,goal,reason,
11053872,2021020001,8478507,0,00:03,19:01,19:04,3,25,PIT,19:04,stoppage,hand-pass,
11053171,2021020001,8478519,0,00:34,00:29,01:03,1,1,TBL,01:03,stoppage,goalie-stopped-after-sog,
11053172,2021020001,8478519,0,00:03,04:25,04:28,1,2,TBL,04:28,stoppage,icing,
11053173,2021020001,8478519,0,00:47,04:32,05:19,1,3,TBL,,,,
11053635,2021020001,8478519,0,01:24,06:59,08:23,1,4,TBL,,,,
11053636,2021020001,8478519,0,00:56,11:10,12:06,1,5,TBL,12:06,stoppage,icing,
11053637,2021020001,8478519,0,00:49,14:26,15:15,1,6,TBL,,,,
11053638,2021020001,8478519,0,01:05,17:46,18:51,1,7,TBL,,,,
11053639,2021020001,8478519,0,00:21,19:39,20:00,1,8,TBL,,,,
11053640,2021020001,8478519,0,01:10,00:12,01:22,2,9,TBL,,,,
11053641,2021020001,8478519,0,00:58,03:13,04:11,2,10,TBL,04:11,goal,reason,
11053642,2021020001,8478519,0,00:20,07:11,07:31,2,11,TBL,07:31,stoppage,goalie-stopped-after-sog,tv-timeout
11053643,2021020001,8478519,0,01:14,08:42,09:56,2,12,TBL,,,,
11053644,2021020001,8478519,0,00:17,12:39,12:56,2,13,TBL,,,,
11053645,2021020001,8478519,0,00:27,13:58,14:25,2,14,TBL,14:25,stoppage,puck-in-benches,
11053646,2021020001,8478519,0,01:05,16:09,17:14,2,15,TBL,,,,
11053647,2021020001,8478519,0,00:09,18:24,18:33,2,16,TBL,,,,
11053753,2021020001,8478519,805,,14:23,14:23,3,0,TBL,14:23,goal,reason,
11053648,2021020001,8478519,0,00:48,00:00,00:48,3,17,TBL,,,,
11053649,2021020001,8478519,0,00:20,03:05,03:25,3,18,TBL,03:25,stoppage,goalie-stopped-after-sog,
11053650,2021020001,8478519,0,01:16,05:39,06:55,3,19,TBL,,,,
11053651,2021020001,8478519,0,01:21,09:49,11:10,3,20,TBL,,,,
11053873,2021020001,8478519,0,00:32,12:39,13:11,3,21,TBL,,,,
11053874,2021020001,8478519,0,01:05,13:48,14:53,3,22,TBL,14:53,goal,reason,
11053875,2021020001,8478519,0,00:37,16:12,16:49,3,23,TBL,16:49,goal,reason,
11053174,2021020001,8478542,0,00:31,00:32,01:03,1,1,PIT,01:03,stoppage,goalie-stopped-after-sog,
11053175,2021020001,8478542,0,01:14,03:12,04:26,1,2,PIT,,,,
11053652,2021020001,8478542,0,00:44,06:04,06:48,1,3,PIT,,,,
11053653,2021020001,8478542,0,00:42,08:23,09:05,1,4,PIT,,,,
11053654,2021020001,8478542,0,01:21,11:11,12:32,1,5,PIT,,,,
11053655,2021020001,8478542,0,00:40,14:40,15:20,1,6,PIT,15:20,stoppage,puck-in-benches,tv-timeout
11053656,2021020001,8478542,0,00:52,17:59,18:51,1,7,PIT,,,,
11053657,2021020001,8478542,0,00:59,01:53,02:52,2,8,PIT,,,,
11053658,2021020001,8478542,0,00:26,04:58,05:24,2,9,PIT,05:24,stoppage,puck-frozen,
11053659,2021020001,8478542,0,01:13,05:57,07:10,2,10,PIT,,,,
11053660,2021020001,8478542,0,01:11,09:22,10:33,2,11,PIT,10:33,stoppage,puck-in-netting,tv-timeout
11053661,2021020001,8478542,0,00:40,15:29,16:09,2,12,PIT,,,,
11053662,2021020001,8478542,0,01:28,17:12,18:40,2,13,PIT,,,,
11053754,2021020001,8478542,803,,17:35,17:35,3,0,PIT,17:35,goal,reason,
11053663,2021020001,8478542,0,00:49,01:38,02:27,3,14,PIT,,,,
11053664,2021020001,8478542,0,00:19,05:20,05:39,3,15,PIT,05:39,stoppage,goalie-stopped-after-sog,
11053665,2021020001,8478542,0,00:52,07:38,08:30,3,16,PIT,,,,
11053666,2021020001,8478542,0,00:46,10:28,11:14,3,17,PIT,,,,
11053876,2021020001,8478542,0,00:34,13:14,13:48,3,18,PIT,13:48,stoppage,goalie-stopped-after-sog,tv-timeout
11053877,2021020001,8478542,0,00:38,15:40,16:18,3,19,PIT,16:18,stoppage,puck-in-benches,tv-timeout
11053878,2021020001,8478542,0,00:46,16:49,17:35,3,20,PIT,17:35,goal,reason,
11053176,2021020001,8478866,0,00:42,01:03,01:45,1,1,PIT,,,,
11053177,2021020001,8478866,0,00:13,04:26,04:39,1,2,PIT,04:39,stoppage,goalie-stopped-after-sog,
11053667,2021020001,8478866,0,00:52,07:31,08:23,1,3,PIT,,,,
11053668,2021020001,8478866,0,00:48,10:23,11:11,1,4,PIT,,,,
11053669,2021020001,8478866,0,00:57,12:56,13:53,1,5,PIT,,,,
11053670,2021020001,8478866,0,00:42,16:15,16:57,1,6,PIT,,,,
11053671,2021020001,8478866,0,01:04,00:57,02:01,2,7,PIT,,,,
11053672,2021020001,8478866,0,00:47,04:11,04:58,2,8,PIT,,,,
11053673,2021020001,8478866,0,00:14,11:34,11:48,2,9,PIT,,,,
11053674,2021020001,8478866,0,00:41,18:40,19:21,2,10,PIT,,,,
11053749,2021020001,8478866,803,,11:32,11:32,3,0,PIT,11:32,goal,reason,
11053675,2021020001,8478866,0,00:57,00:41,01:38,3,11,PIT,01:38,stoppage,goalie-stopped-after-sog,
11053676,2021020001,8478866,0,00:50,03:25,04:15,3,12,PIT,,,,
11053677,2021020001,8478866,0,01:06,05:46,06:52,3,13,PIT,,,,
11053678,2021020001,8478866,0,00:35,08:30,09:05,3,14,PIT,,,,
11053679,2021020001,8478866,0,00:18,11:14,11:32,3,15,PIT,11:32,goal,reason,
11053879,2021020001,8478866,0,00:34,11:53,12:27,3,16,PIT,12:27,stoppage,puck-in-netting,
11053880,2021020001,8478866,0,00:30,14:23,14:53,3,17,PIT,14:53,goal,reason,
11053881,2021020001,8478866,0,00:56,19:04,20:00,3,18,PIT,,,,
11053178,2021020001,8479390,0,00:48,01:44,02:32,1,1,TBL,02:32,stoppage,icing,
11053179,2021020001,8479390,0,00:03,05:19,05:22,1,2,TBL,05:22,stoppage,goalie-stopped-after-sog,
11053680,2021020001,8479390,0,01:05,09:23,10:28,1,3,TBL,,,,
11053681,2021020001,8479390,0,00:54,12:56,13:50,1,4,TBL,,,,
11053682,2021020001,8479390,0,00:43,16:16,16:59,1,5,TBL,,,,
11053683,2021020001,8479390,0,00:45,04:09,04:54,2,6,TBL,,,,
11053684,2021020001,8479390,0,00:22,07:31,07:53,2,7,TBL,07:53,stoppage,hand-pass,
11053685,2021020001,8479390,0,01:09,11:30,12:39,2,8,TBL,,,,
11053686,2021020001,8479390,0,00:02,17:31,17:33,2,9,TBL,17:33,stoppage,icing,
11053687,2021020001,8479390,0,00:15,01:38,01:53,3,10,TBL,01:53,stoppage,goalie-stopped-after-sog,
11053688,2021020001,8479390,0,00:47,03:25,04:12,3,11,TBL,,,,
11053689,2021020001,8479390,0,00:53,06:55,07:48,3,12,TBL,,,,
11053690,2021020001,8479390,0,00:49,10:43,11:32,3,13,TBL,11:32,goal,reason,
11053882,2021020001,8479390,0,00:59,14:53,15:52,3,14,TBL,,,,
11053883,2021020001,8479390,0,00:53,18:11,19:04,3,15,TBL,19:04,stoppage,hand-pass,
11053180,2021020001,8479410,0,00:37,00:59,01:36,1,1,TBL,,,,
11053181,2021020001,8479410,0,00:07,04:32,04:39,1,2,TBL,04:39,stoppage,goalie-stopped-after-sog,
11053182,2021020001,8479410,0,00:35,05:19,05:54,1,3,TBL,,,,
11053691,2021020001,8479410,0,00:46,08:23,09:09,1,4,TBL,,,,
11053692,2021020001,8479410,0,00:50,10:20,11:10,1,5,TBL,,,,
11053693,2021020001,8479410,0,00:50,12:06,12:56,1,6,TBL,12:56,stoppage,offside,
11053694,2021020001,8479410,0,00:51,13:50,14:41,1,7,TBL,,,,
11053695,2021020001,8479410,0,00:42,17:17,17:59,1,8,TBL,17:59,stoppage,offside,
11053696,2021020001,8479410,0,00:21,19:39,20:00,1,9,TBL,,,,
11053697,2021020001,8479410,0,01:36,02:35,04:11,2,10,TBL,04:11,goal,reason,
11053698,2021020001,8479410,0,00:14,05:10,05:24,2,11,TBL,05:24,stoppage,puck-frozen,
11053699,2021020001,8479410,0,00:52,06:19,07:11,2,12,TBL,,,,
11053700,2021020001,8479410,0,00:36,09:20,09:56,2,13,TBL,,,,
11053701,2021020001,8479410,0,01:02,10:28,11:30,2,14,TBL,,,,
11053702,2021020001,8479410,0,00:27,13:58,14:25,2,15,TBL,14:25,stoppage,puck-in-benches,
11053703,2021020001,8479410,0,00:42,15:02,15:44,2,16,TBL,,,,
11053704,2021020001,8479410,0,01:36,16:48,18:24,2,17,TBL,,,,
11053705,2021020001,8479410,0,00:56,01:38,02:34,3,18,TBL,,,,
11053706,2021020001,8479410,0,00:49,03:05,03:54,3,19,TBL,,,,
11053707,2021020001,8479410,0,01:16,05:39,06:55,3,20,TBL,,,,
11053708,2021020001,8479410,0,01:01,08:55,09:56,3,21,TBL,,,,
11053709,2021020001,8479410,0,00:22,11:10,11:32,3,22,TBL,11:32,goal,reason,
11053884,2021020001,8479410,0,00:44,12:27,13:11,3,23,TBL,,,,
11053885,2021020001,8479410,0,00:30,14:23,14:53,3,24,TBL,14:53,goal,reason,
11053886,2021020001,8479410,0,00:32,15:40,16:12,3,25,TBL,16:12,stoppage,puck-frozen,
11053887,2021020001,8479410,0,01:00,16:49,17:49,3,26,TBL,,,,
11053888,2021020001,8479410,0,00:53,18:11,19:04,3,27,TBL,19:04,stoppage,hand-pass,
11053183,2021020001,8479525,0,00:41,01:03,01:44,1,1,TBL,,,,
11053184,2021020001,8479525,0,00:40,05:22,06:02,1,2,TBL,,,,
11053710,2021020001,8479525,0,00:43,06:04,06:47,1,3,TBL,,,,
11053711,2021020001,8479525,0,00:37,10:33,11:10,1,4,TBL,,,,
11053712,2021020001,8479525,0,00:49,13:37,14:26,1,5,TBL,,,,
11053713,2021020001,8479525,0,00:53,16:53,17:46,1,6,TBL,,,,
11053714,2021020001,8479525,0,00:38,02:35,03:13,2,7,TBL,03:13,stoppage,puck-in-netting,
11053715,2021020001,8479525,0,00:52,06:19,07:11,2,8,TBL,,,,
11053716,2021020001,8479525,0,00:32,09:56,10:28,2,9,TBL,10:28,stoppage,icing,
11053717,2021020001,8479525,0,00:04,16:05,16:09,2,10,TBL,,,,
11053718,2021020001,8479525,0,00:37,19:23,20:00,2,11,TBL,,,,
11053719,2021020001,8479525,0,00:21,02:44,03:05,3,12,TBL,03:05,stoppage,offside,
11053720,2021020001,8479525,0,00:34,04:23,04:57,3,13,TBL,,,,
11053721,2021020001,8479525,0,00:53,07:36,08:29,3,14,TBL,,,,
11053889,2021020001,8479525,0,00:44,11:32,12:16,3,15,TBL,,,,
11053890,2021020001,8479525,0,00:46,16:49,17:35,3,16,TBL,17:35,goal,reason,
11053891,2021020001,8479525,0,00:56,19:04,20:00,3,17,TBL,,,,
11053185,2021020001,8480172,0,00:30,00:29,00:59,1,1,TBL,,,,
11053186,2021020001,8480172,0,00:56,01:36,02:32,1,2,TBL,02:32,stoppage,icing,
11053187,2021020001,8480172,0,00:40,04:39,05:19,1,3,TBL,,,,
11053722,2021020001,8480172,0,01:05,05:54,06:59,1,4,TBL,06:59,stoppage,goalie-stopped-after-sog,
11053723,2021020001,8480172,0,00:24,09:09,09:33,1,5,TBL,09:33,stoppage,icing,
11053724,2021020001,8480172,0,00:56,11:10,12:06,1,6,TBL,12:06,stoppage,icing,
11053725,2021020001,8480172,0,00:21,14:59,15:20,1,7,TBL,15:20,stoppage,puck-in-benches,tv-timeout
11053726,2021020001,8480172,0,01:01,16:16,17:17,1,8,TBL,,,,
11053727,2021020001,8480172,0,00:52,17:59,18:51,1,9,TBL,,,,
11053728,2021020001,8480172,0,00:59,04:11,05:10,2,10,TBL,,,,
11053729,2021020001,8480172,0,00:41,05:24,06:05,2,11,TBL,,,,
11053730,2021020001,8480172,0,01:00,07:31,08:31,2,12,TBL,,,,
11053731,2021020001,8480172,0,00:32,09:56,10:28,2,13,TBL,10:28,stoppage,icing,
11053732,2021020001,8480172,0,00:17,12:39,12:56,2,14,TBL,,,,
11053733,2021020001,8480172,0,00:37,19:23,20:00,2,15,TBL,,,,
11053734,2021020001,8480172,0,00:59,00:39,01:38,3,16,TBL,01:38,stoppage,goalie-stopped-after-sog,
11053735,2021020001,8480172,0,01:00,03:57,04:57,3,17,TBL,,,,
11053736,2021020001,8480172,0,00:42,07:10,07:52,3,18,TBL,,,,
11053892,2021020001,8480172,0,00:55,11:32,12:27,3,19,TBL,12:27,stoppage,puck-in-netting,
11053893,2021020001,8480172,0,00:32,15:40,16:12,3,20,TBL,16:12,stoppage,puck-frozen,
11053894,2021020001,8480172,0,00:56,19:04,20:00,3,21,TBL,,,,
11053188,2021020001,8482055,0,00:45,01:45,02:30,1,1,PIT,,,,
11053737,2021020001,8482055,0,00:46,05:18,06:04,1,2,PIT,06:04,stoppage,goalie-stopped-after-sog,tv-timeout
11053738,2021020001,8482055,0,00:28,09:05,09:33,1,3,PIT,09:33,stoppage,icing,
11053739,2021020001,8482055,0,00:47,13:53,14:40,1,4,PIT,,,,
11053740,2021020001,8482055,0,01:02,16:57,17:59,1,5,PIT,17:59,stoppage,offside,
11053741,2021020001,8482055,0,00:21,02:52,03:13,2,6,PIT,03:13,stoppage,puck-in-netting,
11053742,2021020001,8482055,0,00:18,03:53,04:11,2,7,PIT,04:11,goal,reason,
11053743,2021020001,8482055,0,00:38,07:53,08:31,2,8,PIT,,,,
11053744,2021020001,8482055,0,00:10,10:23,10:33,2,9,PIT,10:33,stoppage,puck-in-netting,tv-timeout
11053745,2021020001,8482055,0,00:57,11:28,12:25,2,10,PIT,,,,
11053746,2021020001,8482055,0,01:07,17:33,18:40,2,11,PIT,,,,
11053747,2021020001,8482055,0,00:20,03:05,03:25,3,12,PIT,03:25,stoppage,goalie-stopped-after-sog,
11053748,2021020001,8482055,0,00:41,09:47,10:28,3,13,PIT,10:28,stoppage,icing,
11053895,2021020001,8482055,0,00:53,18:11,19:04,3,14,PIT,19:04,stoppage,hand-pass,
